name,category,price,mrp,unit,stock,image,description,sourcing,storage,variations
"Oyster Mushrooms","Exotics",72,92,"100g Pack",100,"https://cdn.shopify.com/s/files/1/0851/2638/1886/files/oyster-mushrooms-beybey-farms.png?v=1788350613","Fresh Oyster Mushrooms Grown Clean. Picked Fresh. Packed with Nutrition. Soft, delicate, and incredibly flavourful — these Fresh Oyster Mushrooms are grown in a controlled environment without pesticides. Perfect for stir-fries, soups, pasta or as a c...","Direct Bhopal Contract Farms & Karond Krishi Mandi (MyGreenDelight Certified Harvest)","Store in a cool dry fruit basket at room temperature","[{""weight"":""100g Pack"",""price"":72,""stock"":50},{""weight"":""200g (Twin Pack)"",""price"":137,""stock"":40},{""weight"":""500g (Chef Pack)"",""price"":324,""stock"":25}]"
"Lettuce Leaves","Exotics",64,82,"200g Pack",100,"https://cdn.shopify.com/s/files/1/0851/2638/1886/files/lettuce-clean.png?v=1787584425","Locarno Lettuce ( Grown) – Fresh Hydroponic Lettuce Leaves in Bhopal Harvested fresh. Not stored for days. Fresh Locarno lettuce leaves grown hydroponically at in Bhopal. Crisp texture, clean handling, and consistent freshness—read...","Direct Bhopal Contract Farms & Karond Krishi Mandi (MyGreenDelight Certified Harvest)","Store in a cool dry fruit basket at room temperature","[{""weight"":""250g Pack"",""price"":20,""stock"":40},{""weight"":""500g Pack"",""price"":35,""stock"":50},{""weight"":""1 kg Pack"",""price"":64,""stock"":60}]"
"Baby Eggplant (Small Brinjal)","Vegetables",40,51,"250g Pack",100,"https://cdn.shopify.com/s/files/1/0851/2638/1886/files/baby_eggplant_beybey_farms.png?v=1777704972","Baby Eggplant (Small Brinjal) ( Grown) – Fresh Brinjal in Bhopal Harvested fresh. Not stored for days. Fresh baby eggplant grown at in Bhopal. Small, tender, and consistent—ideal for stuffed dishes and everyday cooking. Small size....","Direct Bhopal Contract Farms & Karond Krishi Mandi (MyGreenDelight Certified Harvest)","Keep refrigerated in vegetable crisper / airtight mesh bag","[{""weight"":""250g Pack"",""price"":40,""stock"":50},{""weight"":""500g (Twin Pack)"",""price"":76,""stock"":40},{""weight"":""1 kg (Family Pack)"",""price"":148,""stock"":30}]"
"Raspberries","Fruits",220,282,"1 kg",100,"https://cdn.shopify.com/s/files/1/0851/2638/1886/files/raspberries-clean.png?v=1787584315","Fresh Raspberries — plump, jewel-red and delicately sweet-tart. Hand-sorted and delivered fresh in a 125 g box by in Bhopal. Sourced fresh and handled gently to protect every berry Packed as a 125 g punnet Rich in vitamin C, fibre and an...","Direct Bhopal Contract Farms & Karond Krishi Mandi (MyGreenDelight Certified Harvest)","Store in a cool dry fruit basket at room temperature","[{""weight"":""250g"",""price"":66,""stock"":50},{""weight"":""500g"",""price"":121,""stock"":60},{""weight"":""1 kg"",""price"":220,""stock"":80},{""weight"":""2 kg (Bulk Saver)"",""price"":418,""stock"":40},{""weight"":""5 kg (Society Sack)"",""price"":1012,""stock"":25}]"
"Residue-Free Broccoli","Exotics",149,191,"1 kg",100,"https://cdn.shopify.com/s/files/1/0851/2638/1886/files/residue-free-broccoli-clean.png?v=1787584465","Residue-Free Broccoli ( Trusted) – Fresh Broccoli in Bhopal Selected from farms we trust. Not blindly sourced. Fresh broccoli sourced from partner farms we’ve personally vetted. Clean handling, consistent quality, and chosen to meet our standar...","Direct Bhopal Contract Farms & Karond Krishi Mandi (MyGreenDelight Certified Harvest)","Store in a cool dry fruit basket at room temperature","[{""weight"":""250g Pack"",""price"":45,""stock"":40},{""weight"":""500g Pack"",""price"":82,""stock"":50},{""weight"":""1 kg Pack"",""price"":149,""stock"":60}]"
"Ragi Atta","Dairy & Staples",100,128,"1 kg",100,"https://cdn.shopify.com/s/files/1/0851/2638/1886/files/ragi-atta-fixed.png?v=1787586197","Ragi Atta (Finger Millet Flour) Premium Ragi Atta (Finger Millet Flour) , made from carefully sourced ragi grains and milled to a consistent texture. Clean, unpolished flour suitable for everyday cooking and traditional preparations. Buy Ragi Atta On...","Direct Bhopal Contract Farms & Karond Krishi Mandi (MyGreenDelight Certified Harvest)","Store in cool dry place or refrigerate dairy items below 4°C","[{""weight"":""500g Pack"",""price"":55,""stock"":50},{""weight"":""1 kg Pack"",""price"":100,""stock"":60},{""weight"":""2 kg Value Pack"",""price"":190,""stock"":40}]"
"Arvi (Colocasia)","Vegetables",45,58,"1 kg",100,"https://cdn.shopify.com/s/files/1/0851/2638/1886/files/arvi-colocasia-fixed.png?v=1787586518","Arvi (Colocasia) ( Daily) – Cleaned & Fresh Arvi in Bhopal Sourced daily. Cleaned before delivery. Fresh arvi sourced from the mandi and handled at . Selected for quality, sorted properly, and cleaned before reaching you—ready for e...","Direct Bhopal Contract Farms & Karond Krishi Mandi (MyGreenDelight Certified Harvest)","Keep refrigerated in vegetable crisper / airtight mesh bag","[{""weight"":""250g"",""price"":14,""stock"":50},{""weight"":""500g"",""price"":25,""stock"":60},{""weight"":""1 kg"",""price"":45,""stock"":80},{""weight"":""2 kg (Bulk Saver)"",""price"":86,""stock"":40},{""weight"":""5 kg (Society Sack)"",""price"":207,""stock"":25}]"
"Pomegranate (Anar)","Fruits",190,243,"1 kg",100,"https://cdn.shopify.com/s/files/1/0851/2638/1886/files/pomegranate-anar-clean.png?v=1787584321","Organic Pomegranate: Nature's Superfruit Organic pomegranates are nature's ruby jewels, grown without the use of harmful pesticides or synthetic fertilizers. Packed with antioxidants, vitamins, and minerals, they are not only delicious but also a pow...","Direct Bhopal Contract Farms & Karond Krishi Mandi (MyGreenDelight Certified Harvest)","Store in a cool dry fruit basket at room temperature","[{""weight"":""250g"",""price"":57,""stock"":50},{""weight"":""500g"",""price"":105,""stock"":60},{""weight"":""1 kg"",""price"":190,""stock"":80},{""weight"":""2 kg (Bulk Saver)"",""price"":361,""stock"":40},{""weight"":""5 kg (Society Sack)"",""price"":874,""stock"":25}]"
"Mausambi","Fruits",160,205,"1 kg",100,"https://cdn.shopify.com/s/files/1/0851/2638/1886/files/mausambi-clean.png?v=1787584435","Mausambi (Sweet Lime) ( Trusted) – Fresh Mausambi in Bhopal Selected from farms we trust. Not blindly sourced. Fresh mausambi sourced from partner farms we’ve personally vetted. Known for its mild sweetness and juice content—selected for consis...","Direct Bhopal Contract Farms & Karond Krishi Mandi (MyGreenDelight Certified Harvest)","Store in a cool dry fruit basket at room temperature","[{""weight"":""250g"",""price"":48,""stock"":50},{""weight"":""500g"",""price"":88,""stock"":60},{""weight"":""1 kg"",""price"":160,""stock"":80},{""weight"":""2 kg (Bulk Saver)"",""price"":304,""stock"":40},{""weight"":""5 kg (Society Sack)"",""price"":736,""stock"":25}]"
"Pears","Fruits",360,461,"1 kg",100,"https://cdn.shopify.com/s/files/1/0851/2638/1886/files/pears-clean.png?v=1787584341","Fresh Green Pears (Nashpati) — crisp, juicy and naturally sweet. Hand-picked from trusted orchards and ozone-washed at , then delivered fresh to your door in Bhopal. Sourced from trusted, residue-free orchards Ozone-washed & carefully han...","Direct Bhopal Contract Farms & Karond Krishi Mandi (MyGreenDelight Certified Harvest)","Store in a cool dry fruit basket at room temperature","[{""weight"":""250g"",""price"":108,""stock"":50},{""weight"":""500g"",""price"":198,""stock"":60},{""weight"":""1 kg"",""price"":360,""stock"":80},{""weight"":""2 kg (Bulk Saver)"",""price"":684,""stock"":40},{""weight"":""5 kg (Society Sack)"",""price"":1656,""stock"":25}]"
"Nagaland Kew Pineapple","Fruits",220,282,"1 Pc",100,"https://cdn.shopify.com/s/files/1/0851/2638/1886/files/nagaland-kew-pineapple-fixed.png?v=1787586360","Nagaland Kew Pineapple — sun-ripened in the misty hills of Nagaland and hand-selected for exceptional sweetness. The prized Kew variety is loved across India for its golden, honey-sweet flesh, low acidity and mouth-watering juice. Why you'll love it ...","Direct Bhopal Contract Farms & Karond Krishi Mandi (MyGreenDelight Certified Harvest)","Store in cool dry place or refrigerate dairy items below 4°C","[{""weight"":""1 Pc"",""price"":220,""stock"":50},{""weight"":""2 Pcs Pack"",""price"":418,""stock"":40},{""weight"":""4 Pcs Family Pack"",""price"":814,""stock"":30}]"
"Garo Hill Ginger","Vegetables",40,51,"100g",100,"https://cdn.shopify.com/s/files/1/0851/2638/1886/files/garo-hill-ginger-fixed.png?v=1787586459","Bhopal farm-fresh Garo Hill Ginger. Harvested before delivery, ozone washed, pesticide-free, no shortcuts. Pure farm nutrition directly to your doorstep in Bhopal.","Direct Bhopal Contract Farms & Karond Krishi Mandi (MyGreenDelight Certified Harvest)","Keep refrigerated in vegetable crisper / airtight mesh bag","[{""weight"":""100g Pack"",""price"":40,""stock"":50},{""weight"":""200g (Twin Pack)"",""price"":76,""stock"":40},{""weight"":""500g (Chef Pack)"",""price"":180,""stock"":25}]"
"Apples","Fruits",400,512,"1 kg",100,"https://cdn.shopify.com/s/files/1/0851/2638/1886/files/apples-clean.png?v=1787584123","Apples ( Trusted) – Fresh Apples in Bhopal Selected from farms we trust. Not blindly sourced. Fresh apples sourced from partner farms we’ve personally vetted. Firm, consistent, and chosen for everyday eating—delivered with clean handling and re...","Direct Bhopal Contract Farms & Karond Krishi Mandi (MyGreenDelight Certified Harvest)","Store in a cool dry fruit basket at room temperature","[{""weight"":""250g"",""price"":120,""stock"":50},{""weight"":""500g"",""price"":220,""stock"":60},{""weight"":""1 kg"",""price"":400,""stock"":80},{""weight"":""2 kg (Bulk Saver)"",""price"":760,""stock"":40},{""weight"":""5 kg (Society Sack)"",""price"":1840,""stock"":25}]"
"Celery","Exotics",99,127,"100g Pack",100,"https://cdn.shopify.com/s/files/1/0851/2638/1886/files/celery-clean.png?v=1787584190","Celery ( Grown) – Fresh Hydroponic Celery in Bhopal Harvested fresh. Not stored for days. Fresh celery grown hydroponically at in Bhopal. Crisp stalks, clean handling, and consistent freshness—ready to use without the usual prep. C...","Direct Bhopal Contract Farms & Karond Krishi Mandi (MyGreenDelight Certified Harvest)","Store in a cool dry fruit basket at room temperature","[{""weight"":""100g Pack"",""price"":99,""stock"":50},{""weight"":""200g (Twin Pack)"",""price"":188,""stock"":40},{""weight"":""500g (Chef Pack)"",""price"":446,""stock"":25}]"
"Okra (Bhindi)","Vegetables",55,70,"1 kg",100,"https://cdn.shopify.com/s/files/1/0851/2638/1886/files/okra-bhindi-1-clean.png?v=1787584433","Okra (Bhindi) ( Grown) – Fresh Bhindi in Bhopal Harvested fresh. Not stored for days. Fresh okra grown at in Bhopal. Tender, clean, and consistent—ready to cook without the usual sorting and repeated washing. Soft pods. Less fibre....","Direct Bhopal Contract Farms & Karond Krishi Mandi (MyGreenDelight Certified Harvest)","Keep refrigerated in vegetable crisper / airtight mesh bag","[{""weight"":""250g Tray"",""price"":55,""stock"":50},{""weight"":""500g Family Tray"",""price"":102,""stock"":40},{""weight"":""1 kg Bulk Kitchen Pack"",""price"":193,""stock"":25}]"
"Bottle Gourd (लौकी)","Vegetables",39,50,"1 kg",100,"https://cdn.shopify.com/s/files/1/0851/2638/1886/files/bottle-gourd-fixed.png?v=1787586237","Fresh Bottle Gourd (लोकी) - Nature’s Wholesome DelightWelcome to E VEGETABLE BAZAAR, your trusted source for farm-fresh produce. Introducing our premium-quality Bottle Gourd (लोकी), a versatile and nutrient-rich vegetable that deserves a spot in your kitchen. Whether you&#x27;re preparing comforting curr","Direct Bhopal Contract Farms & Karond Krishi Mandi (MyGreenDelight Certified Harvest)","Keep refrigerated in vegetable crisper / airtight mesh bag","[{""weight"":""250g Tray"",""price"":39,""stock"":50},{""weight"":""500g Family Tray"",""price"":72,""stock"":40},{""weight"":""1 kg Bulk Kitchen Pack"",""price"":137,""stock"":25}]"
"Sweet Basil","Exotics",24,31,"1 kg",100,"https://cdn.shopify.com/s/files/1/0851/2638/1886/files/sweet-basil-clean.png?v=1787584286","Infuse your dishes with the aromatic magic of 's Sweet Basil—fresh, fragrant, and the secret ingredient to culinary masterpieces! Nutritional Benefits: Loaded with antioxidants, anti-inflammatory properties, and essential oils, sweet basil supp...","Direct Bhopal Contract Farms & Karond Krishi Mandi (MyGreenDelight Certified Harvest)","Store in cool dry place or refrigerate dairy items below 4°C","[{""weight"":""500g Pack"",""price"":25,""stock"":50},{""weight"":""1 kg Pack"",""price"":24,""stock"":60},{""weight"":""2 kg Value Pack"",""price"":46,""stock"":40}]"
"Baby Spinach","Vegetables",48,61,"1 kg",100,"https://cdn.shopify.com/s/files/1/0851/2638/1886/files/baby-spinach-clean.png?v=1787584201","Baby Spinach ( Grown) – Fresh Hydroponic Spinach in Bhopal Harvested fresh. Not stored for days. Fresh baby spinach grown hydroponically at in Bhopal. Tender leaves, clean handling, and ready to use —without the usual sorting and c...","Direct Bhopal Contract Farms & Karond Krishi Mandi (MyGreenDelight Certified Harvest)","Store in a cool dry fruit basket at room temperature","[{""weight"":""250g Pack"",""price"":20,""stock"":40},{""weight"":""500g Pack"",""price"":35,""stock"":50},{""weight"":""1 kg Pack"",""price"":48,""stock"":60}]"
"Jalapeno Pepper","Vegetables",75,96,"100g Pack",100,"https://cdn.shopify.com/s/files/1/0851/2638/1886/files/jalapeno-clean.png?v=1787584385","Fresh Jalapeno Pepper from Experience the fiery flavor and crisp texture of ' jalapeno pepper. Grown with care and expertise, these peppers are a true testament to our commitment to quality and freshness. At , we ...","Direct Bhopal Contract Farms & Karond Krishi Mandi (MyGreenDelight Certified Harvest)","Keep refrigerated in vegetable crisper / airtight mesh bag","[{""weight"":""100g Pack"",""price"":75,""stock"":50},{""weight"":""200g (Twin Pack)"",""price"":143,""stock"":40},{""weight"":""500g (Chef Pack)"",""price"":338,""stock"":25}]"
"Yellow Dragon Fruit","Fruits",260,333,"1 Pc",100,"https://cdn.shopify.com/s/files/1/0851/2638/1886/files/yellow-dragon-fruit-clean.png?v=1787584295","Yellow Dragon Fruit ( Trusted) – Fresh Yellow Pitaya in Bhopal Selected from farms we trust. Not blindly sourced. Yellow dragon fruit — also known as yellow pitaya or Selenicereus megalanthus — is the sweetest variety in the dragon fruit family...","Direct Bhopal Contract Farms & Karond Krishi Mandi (MyGreenDelight Certified Harvest)","Store in a cool dry fruit basket at room temperature","[{""weight"":""1 Pc"",""price"":260,""stock"":50},{""weight"":""2 Pcs Pack"",""price"":494,""stock"":40},{""weight"":""4 Pcs Family Pack"",""price"":962,""stock"":30}]"
"Sem (Broad) Beans","Vegetables",28,36,"1 kg",100,"https://cdn.shopify.com/s/files/1/0851/2638/1886/files/sem-broad-beans-clean.png?v=1787584440","Discover the hearty texture and nutty flavor of our ""Rustic Harvest Sem Beans"" at E - VEGETABLE BAZAAR. These robust beans, also known as Indian broad beans, are a staple in a variety of global cuisines, cherished for their versatility and nutritional richness. Each pod encases plump, tender beans t","Direct Bhopal Contract Farms & Karond Krishi Mandi (MyGreenDelight Certified Harvest)","Keep refrigerated in vegetable crisper / airtight mesh bag","[{""weight"":""250g"",""price"":10,""stock"":50},{""weight"":""500g"",""price"":15,""stock"":60},{""weight"":""1 kg"",""price"":28,""stock"":80},{""weight"":""2 kg (Bulk Saver)"",""price"":53,""stock"":40},{""weight"":""5 kg (Society Sack)"",""price"":129,""stock"":25}]"
"Elaichi Banana","Fruits",110,141,"1 kg",100,"https://cdn.shopify.com/s/files/1/0851/2638/1886/files/elaichi-banana-clean.png?v=1787584107","Elaichi Banana ( Trusted) – Fresh Elaichi Banana in Bhopal Selected from farms we trust. Not blindly sourced. Fresh elaichi bananas sourced from partner farms we’ve personally vetted. Smaller in size, naturally sweeter, and more aromatic than r...","Direct Bhopal Contract Farms & Karond Krishi Mandi (MyGreenDelight Certified Harvest)","Store in a cool dry fruit basket at room temperature","[{""weight"":""250g"",""price"":33,""stock"":50},{""weight"":""500g"",""price"":61,""stock"":60},{""weight"":""1 kg"",""price"":110,""stock"":80},{""weight"":""2 kg (Bulk Saver)"",""price"":209,""stock"":40},{""weight"":""5 kg (Society Sack)"",""price"":506,""stock"":25}]"
"Sunset Peppers","Vegetables",92,118,"250g Pack",100,"https://cdn.shopify.com/s/files/1/0851/2638/1886/files/sunset-peppers-1-fixed.png?v=1787586633","Sunset Peppers – Fresh Peppers Spice up your meals with the stunning Sunset Peppers—a burst of color and flavor! These vibrant peppers are perfect for brightening up your dishes, from crunchy salads to sizzling stir-fries. Grown with love, delivered ...","Direct Bhopal Contract Farms & Karond Krishi Mandi (MyGreenDelight Certified Harvest)","Keep refrigerated in vegetable crisper / airtight mesh bag","[{""weight"":""250g Pack"",""price"":92,""stock"":50},{""weight"":""500g (Twin Pack)"",""price"":175,""stock"":40},{""weight"":""1 kg (Family Pack)"",""price"":340,""stock"":30}]"
"Avocado - 1 Pc.","Exotics",180,230,"1 kg",100,"https://cdn.shopify.com/s/files/1/0851/2638/1886/files/avocado-hass-1-clean.png?v=1787584073","Avocado (Hass) Creamy. Buttery. Naturally clean. Product Description Avocados are known for their rich, buttery texture and mild nutty flavor. These Hass avocados are perfect for everything from morning toast to fresh guacamole. At , we s...","Direct Bhopal Contract Farms & Karond Krishi Mandi (MyGreenDelight Certified Harvest)","Store in cool dry place or refrigerate dairy items below 4°C","[{""weight"":""500g Pack"",""price"":99,""stock"":50},{""weight"":""1 kg Pack"",""price"":180,""stock"":60},{""weight"":""2 kg Value Pack"",""price"":342,""stock"":40}]"
"Dragon Fruit (ड्रैगन फ्रूट)","Fruits",112,143,"1 Pc",100,"https://cdn.shopify.com/s/files/1/0851/2638/1886/files/dragon-fruit-1-pc-clean.png?v=1787584091","Exotic Delight of Vietnamese Dragon Fruit Indulge in the vibrant and refreshing taste of our Vietnamese Dragon Fruit, exclusively available at . Known for its striking pink skin and sweet, juicy flesh, this tropical fruit is not only a fe...","Direct Bhopal Contract Farms & Karond Krishi Mandi (MyGreenDelight Certified Harvest)","Store in a cool dry fruit basket at room temperature","[{""weight"":""1 Pc"",""price"":112,""stock"":50},{""weight"":""2 Pcs Pack"",""price"":213,""stock"":40},{""weight"":""4 Pcs Family Pack"",""price"":414,""stock"":30}]"
"Vishnu Bhog Rice","Dairy & Staples",187,239,"1 kg",100,"https://cdn.shopify.com/s/files/1/0851/2638/1886/files/vishnu-bhog-rice-fixed.png?v=1787586215","Bhopal farm-fresh Vishnu Bhog Rice. Harvested before delivery, ozone washed, pesticide-free, no shortcuts. Pure farm nutrition directly to your doorstep in Bhopal.","Direct Bhopal Contract Farms & Karond Krishi Mandi (MyGreenDelight Certified Harvest)","Store in cool dry place or refrigerate dairy items below 4°C","[{""weight"":""500g Pack"",""price"":103,""stock"":50},{""weight"":""1 kg Pack"",""price"":187,""stock"":60},{""weight"":""2 kg Value Pack"",""price"":355,""stock"":40}]"
"Urad Dhuli","Vegetables",279,357,"1 kg",100,"https://cdn.shopify.com/s/files/1/0851/2638/1886/files/urad-dhuli-1-fixed.png?v=1787586180","Bhopal farm-fresh Urad Dhuli. Harvested before delivery, ozone washed, pesticide-free, no shortcuts. Pure farm nutrition directly to your doorstep in Bhopal.","Direct Bhopal Contract Farms & Karond Krishi Mandi (MyGreenDelight Certified Harvest)","Keep refrigerated in vegetable crisper / airtight mesh bag","[{""weight"":""250g"",""price"":84,""stock"":50},{""weight"":""500g"",""price"":153,""stock"":60},{""weight"":""1 kg"",""price"":279,""stock"":80},{""weight"":""2 kg (Bulk Saver)"",""price"":530,""stock"":40},{""weight"":""5 kg (Society Sack)"",""price"":1283,""stock"":25}]"
"Urad Dal Chilka","Dairy & Staples",239,306,"1 kg",100,"https://cdn.shopify.com/s/files/1/0851/2638/1886/files/urad-dal-chilka-1-fixed.png?v=1787586160","Bhopal farm-fresh Urad Dal Chilka. Harvested before delivery, ozone washed, pesticide-free, no shortcuts. Pure farm nutrition directly to your doorstep in Bhopal.","Direct Bhopal Contract Farms & Karond Krishi Mandi (MyGreenDelight Certified Harvest)","Store in cool dry place or refrigerate dairy items below 4°C","[{""weight"":""500g Pack"",""price"":131,""stock"":50},{""weight"":""1 kg Pack"",""price"":239,""stock"":60},{""weight"":""2 kg Value Pack"",""price"":454,""stock"":40}]"
"Unpolished Chana Dal","Dairy & Staples",189,242,"1 kg",100,"https://cdn.shopify.com/s/files/1/0851/2638/1886/files/unpolished-chana-dal-2-fixed.png?v=1787586378","Naturally processed chana dal with firm texture and rich taste. Unpolished for better flavour and cooking quality....","Direct Bhopal Contract Farms & Karond Krishi Mandi (MyGreenDelight Certified Harvest)","Store in cool dry place or refrigerate dairy items below 4°C","[{""weight"":""500g Pack"",""price"":104,""stock"":50},{""weight"":""1 kg Pack"",""price"":189,""stock"":60},{""weight"":""2 kg Value Pack"",""price"":359,""stock"":40}]"
"Unpolished Masoor Dal","Dairy & Staples",219,280,"1 kg",100,"https://cdn.shopify.com/s/files/1/0851/2638/1886/files/unpolished-masoor-dal-3-fixed.png?v=1787586318","Naturally processed, unpolished masoor dal with its original colour and flavour preserved. Clean, simple, and reliable for daily meals. Key Points Unpolished, no artificial colouring Even cooking, consistent grains Light on the stomach Ideal for ever...","Direct Bhopal Contract Farms & Karond Krishi Mandi (MyGreenDelight Certified Harvest)","Store in cool dry place or refrigerate dairy items below 4°C","[{""weight"":""500g Pack"",""price"":120,""stock"":50},{""weight"":""1 kg Pack"",""price"":219,""stock"":60},{""weight"":""2 kg Value Pack"",""price"":416,""stock"":40}]"
"Kabuli Chana (White Chickpeas)","Dairy & Staples",249,319,"1 kg",100,"https://cdn.shopify.com/s/files/1/0851/2638/1886/files/kabuli-chana-white-chickpeas-1-clean.png?v=1787584232","Premium Kabuli Chana (White Chickpeas) Carefully sourced and selected for uniform size, clean appearance, and consistent cooking quality. Naturally dried and hygienically packed for everyday cooking. Kabuli chana, commonly known as white chickpeas , ...","Direct Bhopal Contract Farms & Karond Krishi Mandi (MyGreenDelight Certified Harvest)","Store in cool dry place or refrigerate dairy items below 4°C","[{""weight"":""500g Pack"",""price"":137,""stock"":50},{""weight"":""1 kg Pack"",""price"":249,""stock"":60},{""weight"":""2 kg Value Pack"",""price"":473,""stock"":40}]"
"Unpolished Rajma","Dairy & Staples",299,383,"1 kg",100,"https://cdn.shopify.com/s/files/1/0851/2638/1886/files/unpolished-rajma-3-fixed.png?v=1787586381","Buy unpolished rajma from . Naturally processed, clean grains with rich taste and even cooking. Ideal for everyday rajma chawal....","Direct Bhopal Contract Farms & Karond Krishi Mandi (MyGreenDelight Certified Harvest)","Store in cool dry place or refrigerate dairy items below 4°C","[{""weight"":""500g Pack"",""price"":164,""stock"":50},{""weight"":""1 kg Pack"",""price"":299,""stock"":60},{""weight"":""2 kg Value Pack"",""price"":568,""stock"":40}]"
"Moong Dal","Dairy & Staples",279,357,"1 kg",100,"https://cdn.shopify.com/s/files/1/0851/2638/1886/files/moong-dal-1-fixed.png?v=1787586286","Bhopal farm-fresh Moong Dal. Harvested before delivery, ozone washed, pesticide-free, no shortcuts. Pure farm nutrition directly to your doorstep in Bhopal.","Direct Bhopal Contract Farms & Karond Krishi Mandi (MyGreenDelight Certified Harvest)","Store in cool dry place or refrigerate dairy items below 4°C","[{""weight"":""500g Pack"",""price"":153,""stock"":50},{""weight"":""1 kg Pack"",""price"":279,""stock"":60},{""weight"":""2 kg Value Pack"",""price"":530,""stock"":40}]"
"Unpolished Whole Moong","Vegetables",329,421,"1 kg",100,"https://cdn.shopify.com/s/files/1/0851/2638/1886/files/unpolished-whole-moong-fixed.png?v=1787586277","Whole green moong with natural skin intact. Ideal for sprouting, light dals, and everyday meals....","Direct Bhopal Contract Farms & Karond Krishi Mandi (MyGreenDelight Certified Harvest)","Keep refrigerated in vegetable crisper / airtight mesh bag","[{""weight"":""250g"",""price"":99,""stock"":50},{""weight"":""500g"",""price"":181,""stock"":60},{""weight"":""1 kg"",""price"":329,""stock"":80},{""weight"":""2 kg (Bulk Saver)"",""price"":625,""stock"":40},{""weight"":""5 kg (Society Sack)"",""price"":1513,""stock"":25}]"
"Unpolished Toor Dal","Dairy & Staples",329,421,"1 kg",100,"https://cdn.shopify.com/s/files/1/0851/2638/1886/files/unpolished-toor-dal-3-clean.png?v=1787584445","Clean, unpolished toor dal with natural aroma and taste. Carefully sourced and packed for regular home cooking. Use Dal tadka, sambar, varan...","Direct Bhopal Contract Farms & Karond Krishi Mandi (MyGreenDelight Certified Harvest)","Store in cool dry place or refrigerate dairy items below 4°C","[{""weight"":""500g Pack"",""price"":181,""stock"":50},{""weight"":""1 kg Pack"",""price"":329,""stock"":60},{""weight"":""2 kg Value Pack"",""price"":625,""stock"":40}]"
"Sharbati Atta (Stone Ground)","Dairy & Staples",89,114,"1 kg",100,"https://cdn.shopify.com/s/files/1/0851/2638/1886/files/sharbati-atta-stone-ground-2-fixed.png?v=1787586125","Buy sharbati atta from . Stone-ground wheat flour with soft texture and mild sweetness. Ideal for everyday rotis....","Direct Bhopal Contract Farms & Karond Krishi Mandi (MyGreenDelight Certified Harvest)","Store in cool dry place or refrigerate dairy items below 4°C","[{""weight"":""500g Pack"",""price"":49,""stock"":50},{""weight"":""1 kg Pack"",""price"":89,""stock"":60},{""weight"":""2 kg Value Pack"",""price"":169,""stock"":40}]"
"Cabbage (पत्ता गोभी)","Vegetables",53,68,"1 kg",100,"https://cdn.shopify.com/s/files/1/0851/2638/1886/files/cabbage-clean.png?v=1787584229","Cabbage is a versatile and widely consumed vegetable that belongs to the Brassicaceae family. It is a cruciferous vegetable and is closely related to other vegetables like broccoli, cauliflower, and Brussels sprouts. Cabbage is known for its dense, leafy head and is a popular choice in various cuisi","Direct Bhopal Contract Farms & Karond Krishi Mandi (MyGreenDelight Certified Harvest)","Keep refrigerated in vegetable crisper / airtight mesh bag","[{""weight"":""250g"",""price"":16,""stock"":50},{""weight"":""500g"",""price"":29,""stock"":60},{""weight"":""1 kg"",""price"":53,""stock"":80},{""weight"":""2 kg (Bulk Saver)"",""price"":101,""stock"":40},{""weight"":""5 kg (Society Sack)"",""price"":244,""stock"":25}]"
"Ginger (अदरक)","Vegetables",133,170,"1 kg",100,"https://cdn.shopify.com/s/files/1/0851/2638/1886/files/ginger-fixed.png?v=1787586722","Ginger: The Spicy Root of WellnessDiscover the bold and invigorating world of ginger at Bazaar! Our premium-quality ginger roots are harvested with care to bring you the freshest and most flavorful experience possible. With its distinctive spicy taste and a hint of lemony sweetness, ginge","Direct Bhopal Contract Farms & Karond Krishi Mandi (MyGreenDelight Certified Harvest)","Keep refrigerated in vegetable crisper / airtight mesh bag","[{""weight"":""250g"",""price"":40,""stock"":50},{""weight"":""500g"",""price"":73,""stock"":60},{""weight"":""1 kg"",""price"":133,""stock"":80},{""weight"":""2 kg (Bulk Saver)"",""price"":253,""stock"":40},{""weight"":""5 kg (Society Sack)"",""price"":612,""stock"":25}]"
"Gawar Beans","Vegetables",30,38,"1 kg",100,"https://cdn.shopify.com/s/files/1/0851/2638/1886/files/gawar-beans-fixed.png?v=1787586081","Gawar Beans ( Daily) – Cleaned & Fresh Gawar in Bhopal Sourced daily. Cleaned before delivery. Fresh gawar beans sourced from the mandi and handled at . Selected for quality, sorted properly, and cleaned before reaching you—ready fo...","Direct Bhopal Contract Farms & Karond Krishi Mandi (MyGreenDelight Certified Harvest)","Keep refrigerated in vegetable crisper / airtight mesh bag","[{""weight"":""250g"",""price"":10,""stock"":50},{""weight"":""500g"",""price"":17,""stock"":60},{""weight"":""1 kg"",""price"":30,""stock"":80},{""weight"":""2 kg (Bulk Saver)"",""price"":57,""stock"":40},{""weight"":""5 kg (Society Sack)"",""price"":138,""stock"":25}]"
"Cauliflower (फूल गोभी)","Vegetables",75,96,"1 kg",100,"https://cdn.shopify.com/s/files/1/0851/2638/1886/files/cauliflower-clean.png?v=1787584438","Cauliflower ( Daily) – Cleaned & Fresh Cauliflower in Bhopal Sourced daily. Cleaned before delivery. Fresh cauliflower sourced from the mandi and handled at . Selected for quality, cleaned properly, and delivered fresh for everyday ...","Direct Bhopal Contract Farms & Karond Krishi Mandi (MyGreenDelight Certified Harvest)","Keep refrigerated in vegetable crisper / airtight mesh bag","[{""weight"":""250g"",""price"":23,""stock"":50},{""weight"":""500g"",""price"":41,""stock"":60},{""weight"":""1 kg"",""price"":75,""stock"":80},{""weight"":""2 kg (Bulk Saver)"",""price"":143,""stock"":40},{""weight"":""5 kg (Society Sack)"",""price"":345,""stock"":25}]"
"Garlic (लहसुन)","Vegetables",113,145,"100g Pack",100,"https://cdn.shopify.com/s/files/1/0851/2638/1886/files/garlic-clean.png?v=1787584461","Garlic ( Grown) – Fresh Garlic in Bhopal Harvested fresh. Not stored for days. Fresh garlic grown at in Bhopal. Clean, firm, and consistent—ready to use without the usual sorting and cleaning. Strong aroma. Daily essential. What “B...","Direct Bhopal Contract Farms & Karond Krishi Mandi (MyGreenDelight Certified Harvest)","Keep refrigerated in vegetable crisper / airtight mesh bag","[{""weight"":""100g Pack"",""price"":113,""stock"":50},{""weight"":""200g (Twin Pack)"",""price"":215,""stock"":40},{""weight"":""500g (Chef Pack)"",""price"":509,""stock"":25}]"
"Red Cherry Tomatoes","Exotics",75,96,"250g Pack",100,"https://cdn.shopify.com/s/files/1/0851/2638/1886/files/red-cherry-tomatoes-clean.png?v=1787584458","Red Cherry Tomatoes ( Grown) – Fresh Hydroponic Cherry Tomatoes in Bhopal Harvested fresh. Not stored for days. Fresh red cherry tomatoes grown hydroponically at in Bhopal. Naturally sweet, firm, and consistent—ready to eat straigh...","Direct Bhopal Contract Farms & Karond Krishi Mandi (MyGreenDelight Certified Harvest)","Store in a cool dry fruit basket at room temperature","[{""weight"":""250g Pack"",""price"":75,""stock"":50},{""weight"":""500g (Twin Pack)"",""price"":143,""stock"":40},{""weight"":""1 kg (Family Pack)"",""price"":278,""stock"":30}]"
"Bajra Atta","Dairy & Staples",90,115,"1 kg",100,"https://cdn.shopify.com/s/files/1/0851/2638/1886/files/bajra-atta-fixed.png?v=1787586289","Bajra Atta (Pearl Millet Flour) Premium Bajra Atta (Pearl Millet Flour) , made from carefully sourced bajra grains and milled to a consistent texture. Unpolished, clean flour suitable for everyday cooking and traditional Indian preparations. Buy Bajr...","Direct Bhopal Contract Farms & Karond Krishi Mandi (MyGreenDelight Certified Harvest)","Store in cool dry place or refrigerate dairy items below 4°C","[{""weight"":""500g Pack"",""price"":50,""stock"":50},{""weight"":""1 kg Pack"",""price"":90,""stock"":60},{""weight"":""2 kg Value Pack"",""price"":171,""stock"":40}]"
"Green Chillies (Mirch Barikh)","Vegetables",26,33,"100g Pack",100,"https://cdn.shopify.com/s/files/1/0851/2638/1886/files/green-chillies-clean.png?v=1787584157","Green Chillies ( Grown) – Fresh Green Chillies in Bhopal Harvested fresh. Not stored for days. Fresh green chillies grown at in Bhopal. Clean, consistent, and used daily—ready to add heat to your cooking without extra sorting or wa...","Direct Bhopal Contract Farms & Karond Krishi Mandi (MyGreenDelight Certified Harvest)","Keep refrigerated in vegetable crisper / airtight mesh bag","[{""weight"":""100g Pack"",""price"":26,""stock"":50},{""weight"":""200g (Twin Pack)"",""price"":49,""stock"":40},{""weight"":""500g (Chef Pack)"",""price"":117,""stock"":25}]"
"Gilki (Sponge Gourd)","Vegetables",85,109,"1 kg",100,"https://cdn.shopify.com/s/files/1/0851/2638/1886/files/gilki-sponge-gourd-clean.png?v=1787584198","Gilki (Sponge Gourd) – Ozone Washed Fresh Gilki (Sponge Gourd) , carefully sourced and ozone washed to reduce surface contaminants. Tender, light, and hygienically packed for everyday home cooking. Buy Gilki (Sponge Gourd) Online Gilki, also known as...","Direct Bhopal Contract Farms & Karond Krishi Mandi (MyGreenDelight Certified Harvest)","Keep refrigerated in vegetable crisper / airtight mesh bag","[{""weight"":""250g"",""price"":26,""stock"":50},{""weight"":""500g"",""price"":47,""stock"":60},{""weight"":""1 kg"",""price"":85,""stock"":80},{""weight"":""2 kg (Bulk Saver)"",""price"":162,""stock"":40},{""weight"":""5 kg (Society Sack)"",""price"":391,""stock"":25}]"
"French Beans (बीन्स)","Vegetables",53,68,"1 kg",100,"https://cdn.shopify.com/s/files/1/0851/2638/1886/files/french-beans-clean.png?v=1787584188","Introducing our ""Gourmet Delight French Beans"" at E - VEGETABLE BAZAAR - a true culinary treasure. These tender, slender beans are celebrated for their delicate texture and sweet, grassy flavor. Perfectly suited for a myriad of dishes, from elegant salads to comforting casseroles, our French Beans e","Direct Bhopal Contract Farms & Karond Krishi Mandi (MyGreenDelight Certified Harvest)","Keep refrigerated in vegetable crisper / airtight mesh bag","[{""weight"":""250g"",""price"":16,""stock"":50},{""weight"":""500g"",""price"":29,""stock"":60},{""weight"":""1 kg"",""price"":53,""stock"":80},{""weight"":""2 kg (Bulk Saver)"",""price"":101,""stock"":40},{""weight"":""5 kg (Society Sack)"",""price"":244,""stock"":25}]"
"Cucumbers","Vegetables",69,88,"1 kg",100,"https://cdn.shopify.com/s/files/1/0851/2638/1886/files/cucumbers-clean.png?v=1787584170","Cucumbers ( Grown) – Fresh Cucumber in Bhopal Harvested fresh. Not stored for days. Fresh cucumber grown at in Bhopal. Crisp, clean, and consistent—ready to eat without the usual sorting and repeated washing. Crisp bite. Mild taste...","Direct Bhopal Contract Farms & Karond Krishi Mandi (MyGreenDelight Certified Harvest)","Keep refrigerated in vegetable crisper / airtight mesh bag","[{""weight"":""250g"",""price"":21,""stock"":50},{""weight"":""500g"",""price"":38,""stock"":60},{""weight"":""1 kg"",""price"":69,""stock"":80},{""weight"":""2 kg (Bulk Saver)"",""price"":131,""stock"":40},{""weight"":""5 kg (Society Sack)"",""price"":317,""stock"":25}]"
"Carrot (Desi)","Vegetables",44,56,"1 kg",100,"https://cdn.shopify.com/s/files/1/0851/2638/1886/files/carrot-desi-clean.png?v=1787584168","Carrots are a versatile root vegetable easily recognizable by their vibrant orange hue, although they can come in a variety of colors such as purple, black, red, white, and yellow. Known for their crunchy texture and sweet, earthy flavor, carrots are a staple in many cuisines worldwide. They are ric","Direct Bhopal Contract Farms & Karond Krishi Mandi (MyGreenDelight Certified Harvest)","Keep refrigerated in vegetable crisper / airtight mesh bag","[{""weight"":""250g"",""price"":13,""stock"":50},{""weight"":""500g"",""price"":24,""stock"":60},{""weight"":""1 kg"",""price"":44,""stock"":80},{""weight"":""2 kg (Bulk Saver)"",""price"":84,""stock"":40},{""weight"":""5 kg (Society Sack)"",""price"":202,""stock"":25}]"
"Green Bell Pepper","Exotics",70,90,"1 kg",100,"https://cdn.shopify.com/s/files/1/0851/2638/1886/files/green-bell-pepper-1-clean.png?v=1787584152","Green Bell Pepper ( Grown) – Fresh Hydroponic Capsicum in Bhopal Harvested fresh. Not stored for days. Fresh green bell peppers grown hydroponically at in Bhopal. Firm, consistent, and clean—ready to cook without the usual sorting ...","Direct Bhopal Contract Farms & Karond Krishi Mandi (MyGreenDelight Certified Harvest)","Keep refrigerated in vegetable crisper / airtight mesh bag","[{""weight"":""250g Tray"",""price"":70,""stock"":50},{""weight"":""500g Family Tray"",""price"":130,""stock"":40},{""weight"":""1 kg Bulk Kitchen Pack"",""price"":245,""stock"":25}]"
"Unpolished Basmati Rice","Dairy & Staples",269,344,"1 kg",100,"https://cdn.shopify.com/s/files/1/0851/2638/1886/files/unpolished-basmati-rice-old-copy-fixed.png?v=1787586382","Premium Unpolished Basmati Rice , carefully sourced and minimally processed to retain its natural grain structure. Aromatic, long-grain rice suitable for everyday meals and traditional cooking. Buy Unpolished Basmati Rice Online Unpolished basmati ri...","Direct Bhopal Contract Farms & Karond Krishi Mandi (MyGreenDelight Certified Harvest)","Store in cool dry place or refrigerate dairy items below 4°C","[{""weight"":""500g Pack"",""price"":148,""stock"":50},{""weight"":""1 kg Pack"",""price"":269,""stock"":60},{""weight"":""2 kg Value Pack"",""price"":511,""stock"":40}]"
"Brinjal (Eggplant)","Vegetables",33,42,"1 kg",100,"https://cdn.shopify.com/s/files/1/0851/2638/1886/files/brinjal-eggplant-clean.png?v=1787584212","Green brinjal, also known as green eggplant or green aubergine, is a variety of eggplant (Solanum melongena) that is harvested and consumed while still young and unripe. It belongs to the Solanaceae family and is a close relative of other eggplant varieties, such as purple or black brinjal. Green br","Direct Bhopal Contract Farms & Karond Krishi Mandi (MyGreenDelight Certified Harvest)","Keep refrigerated in vegetable crisper / airtight mesh bag","[{""weight"":""250g"",""price"":10,""stock"":50},{""weight"":""500g"",""price"":18,""stock"":60},{""weight"":""1 kg"",""price"":33,""stock"":80},{""weight"":""2 kg (Bulk Saver)"",""price"":63,""stock"":40},{""weight"":""5 kg (Society Sack)"",""price"":152,""stock"":25}]"
"Barbati ( बरबटी)","Vegetables",62,79,"250g Pack",100,"https://cdn.shopify.com/s/files/1/0851/2638/1886/files/barbati__beybey_farms.png?v=1770120465","Barbati (Yardlong Beans) – Ozone Washed Fresh Barbati (Yardlong Beans) , carefully sourced and ozone washed to reduce surface contaminants. Crisp, tender, and hygienically packed for safe everyday cooking. Buy Barbati (Ozone Washed) Online Barbati, a...","Direct Bhopal Contract Farms & Karond Krishi Mandi (MyGreenDelight Certified Harvest)","Keep refrigerated in vegetable crisper / airtight mesh bag","[{""weight"":""250g Pack"",""price"":62,""stock"":50},{""weight"":""500g (Twin Pack)"",""price"":118,""stock"":40},{""weight"":""1 kg (Family Pack)"",""price"":229,""stock"":30}]"
"Coriander (धनिया)","Vegetables",50,64,"100g Pack",100,"https://cdn.shopify.com/s/files/1/0851/2638/1886/files/coriander-clean.png?v=1787584447","Coriander leaves, also known as cilantro in some regions, are the fresh, green leaves of the Coriandrum sativum plant. These leaves are commonly used in a variety of culinary dishes worldwide, offering a distinct, lively flavor that can be described as a mix of lemony, tangy, and a bit peppery. The","Direct Bhopal Contract Farms & Karond Krishi Mandi (MyGreenDelight Certified Harvest)","Store in cool dry place or refrigerate dairy items below 4°C","[{""weight"":""100g Pack"",""price"":50,""stock"":50},{""weight"":""200g (Twin Pack)"",""price"":95,""stock"":40},{""weight"":""500g (Chef Pack)"",""price"":225,""stock"":25}]"
"Bok Choy","Exotics",95,122,"1 kg",100,"https://cdn.shopify.com/s/files/1/0851/2638/1886/files/bok-choy-clean.png?v=1787584475","Fresh Bok Choy by Discover the crisp, leafy goodness of ' Bok Choy. Grown with care and expertise, our bok choy is known for its tender texture and mild, slightly sweet flavor. Bok choy, also known as Chinese cabbage, is a ve...","Direct Bhopal Contract Farms & Karond Krishi Mandi (MyGreenDelight Certified Harvest)","Store in a cool dry fruit basket at room temperature","[{""weight"":""250g Pack"",""price"":29,""stock"":40},{""weight"":""500g Pack"",""price"":52,""stock"":50},{""weight"":""1 kg Pack"",""price"":95,""stock"":60}]"
"Spinach (पालक)","Vegetables",44,56,"200g Pack",100,"https://cdn.shopify.com/s/files/1/0851/2638/1886/files/spinach-clean.png?v=1787584463","Fresh Spinach (पालक) - 500gBring home the vibrant, nutrient-packed goodness of Spinach (पालक), a versatile leafy green that’s as delicious as it is healthy! Sourced fresh and delivered with care, this 500g bundle is perfect for crafting wholesome meals that your family will love. Whether you’re whip","Direct Bhopal Contract Farms & Karond Krishi Mandi (MyGreenDelight Certified Harvest)","Keep refrigerated in vegetable crisper / airtight mesh bag","[{""weight"":""250g"",""price"":13,""stock"":50},{""weight"":""500g"",""price"":24,""stock"":60},{""weight"":""1 kg"",""price"":44,""stock"":80},{""weight"":""2 kg (Bulk Saver)"",""price"":84,""stock"":40},{""weight"":""5 kg (Society Sack)"",""price"":202,""stock"":25}]"
"Yellow Cherry Tomatoes","Exotics",90,115,"250g Pack",100,"https://cdn.shopify.com/s/files/1/0851/2638/1886/files/yellow-cherry-tomatoes-clean.png?v=1787584428","Yellow Cherry Tomatoes ( Grown) – Fresh Hydroponic Cherry Tomatoes in Bhopal Harvested fresh. Not stored for days. Fresh yellow cherry tomatoes grown hydroponically at in Bhopal. Slightly sweeter, milder in acidity, and consistent—...","Direct Bhopal Contract Farms & Karond Krishi Mandi (MyGreenDelight Certified Harvest)","Store in a cool dry fruit basket at room temperature","[{""weight"":""250g Pack"",""price"":90,""stock"":50},{""weight"":""500g (Twin Pack)"",""price"":171,""stock"":40},{""weight"":""1 kg (Family Pack)"",""price"":333,""stock"":30}]"
"Eureka Lemon","Vegetables",98,125,"250g Pack",100,"https://cdn.shopify.com/s/files/1/0851/2638/1886/files/eureka-lemon-clean.png?v=1787584121","Eureka Lemon ( Trusted) – Fresh Lemon in Bhopal Selected from farms we trust. Not blindly sourced. Fresh Eureka lemons sourced from partner farms we’ve personally vetted. Juicier, thinner-skinned, and consistent—used daily for cooking, drinks, ...","Direct Bhopal Contract Farms & Karond Krishi Mandi (MyGreenDelight Certified Harvest)","Keep refrigerated in vegetable crisper / airtight mesh bag","[{""weight"":""250g Pack"",""price"":98,""stock"":50},{""weight"":""500g (Twin Pack)"",""price"":186,""stock"":40},{""weight"":""1 kg (Family Pack)"",""price"":363,""stock"":30}]"
"Thai Basil","Exotics",20,26,"1 kg",100,"https://cdn.shopify.com/s/files/1/0851/2638/1886/files/thai-basil-clean.png?v=1787584472","Thai Basil ( Grown) – Fresh Thai Basil in Bhopal Fresh Thai basil grown at in Bhopal. Strong aroma, clean handling, and harvested fresh—used to bring flavour and fragrance to everyday cooking. Distinct aroma. Small quantity. Used f...","Direct Bhopal Contract Farms & Karond Krishi Mandi (MyGreenDelight Certified Harvest)","Store in a cool dry fruit basket at room temperature","[{""weight"":""250g Pack"",""price"":20,""stock"":40},{""weight"":""500g Pack"",""price"":35,""stock"":50},{""weight"":""1 kg Pack"",""price"":20,""stock"":60}]"
"Green Swiss Chard","Exotics",32,41,"100g Pack",100,"https://cdn.shopify.com/s/files/1/0851/2638/1886/files/green-swiss-chard-fixed.png?v=1787586389","Fresh Green Swiss Chard - Grown Hydroponically for You! Green Swiss Chard is a versatile leafy green, known for its tender leaves and crisp stems. Grown hydroponically , free of pesticides, and delivered fresh to retain maximum flavor and nutrition. ...","Direct Bhopal Contract Farms & Karond Krishi Mandi (MyGreenDelight Certified Harvest)","Store in a cool dry fruit basket at room temperature","[{""weight"":""100g Pack"",""price"":32,""stock"":50},{""weight"":""200g (Twin Pack)"",""price"":61,""stock"":40},{""weight"":""500g (Chef Pack)"",""price"":144,""stock"":25}]"
"Lemon Grass","Vegetables",51,65,"100g Pack",100,"https://cdn.shopify.com/s/files/1/0851/2638/1886/files/lemon-grass-clean.png?v=1787584263","Lemongrass: Fresh & Aromatic Discover the vibrant aroma and refreshing flavor of lemongrass from . Grown sustainably using hydroponic methods, our pesticide-free lemongrass is ideal for adding a fragrant touch to a variety of dishes, teas...","Direct Bhopal Contract Farms & Karond Krishi Mandi (MyGreenDelight Certified Harvest)","Store in a cool dry fruit basket at room temperature","[{""weight"":""100g Pack"",""price"":51,""stock"":50},{""weight"":""200g (Twin Pack)"",""price"":97,""stock"":40},{""weight"":""500g (Chef Pack)"",""price"":230,""stock"":25}]"
"Purple Cabbage","Exotics",90,115,"250g Pack",100,"https://cdn.shopify.com/s/files/1/0851/2638/1886/files/purple-cabbage-clean.png?v=1787584221","Purple Cabbage ( Trusted) – Fresh Red Cabbage in Bhopal Selected from farms we trust. Not blindly sourced. Fresh purple cabbage sourced from partner farms we’ve personally vetted. Crisp texture, vibrant colour, and consistent quality—ideal for ...","Direct Bhopal Contract Farms & Karond Krishi Mandi (MyGreenDelight Certified Harvest)","Keep refrigerated in vegetable crisper / airtight mesh bag","[{""weight"":""250g Pack"",""price"":90,""stock"":50},{""weight"":""500g (Twin Pack)"",""price"":171,""stock"":40},{""weight"":""1 kg (Family Pack)"",""price"":333,""stock"":30}]"
"Yellow Zucchini (Zucchini)","Exotics",117,150,"250g Pack",100,"https://cdn.shopify.com/s/files/1/0851/2638/1886/files/yellow-zucchini-fixed.png?v=1787586091","Yellow Zucchini ( Grown) – Fresh Hydroponic Zucchini in Bhopal Harvested fresh. Not stored for days. Fresh yellow zucchini grown hydroponically at in Bhopal. Tender texture, mild flavour, and consistent quality—easy to cook across ...","Direct Bhopal Contract Farms & Karond Krishi Mandi (MyGreenDelight Certified Harvest)","Store in a cool dry fruit basket at room temperature","[{""weight"":""250g Pack"",""price"":117,""stock"":50},{""weight"":""500g (Twin Pack)"",""price"":222,""stock"":40},{""weight"":""1 kg (Family Pack)"",""price"":433,""stock"":30}]"
"Mint","Vegetables",26,33,"100g Pack",100,"https://cdn.shopify.com/s/files/1/0851/2638/1886/files/mint-fixed.png?v=1787586392","Fresh Mint - Nature's Cool Refresher from Refresh your senses with the cool, invigorating flavor of Fresh Mint from ! Handpicked with care, our mint promises to add a burst of freshness to your culinary creations. Fresh Mint ...","Direct Bhopal Contract Farms & Karond Krishi Mandi (MyGreenDelight Certified Harvest)","Keep refrigerated in vegetable crisper / airtight mesh bag","[{""weight"":""100g Pack"",""price"":26,""stock"":50},{""weight"":""200g (Twin Pack)"",""price"":49,""stock"":40},{""weight"":""500g (Chef Pack)"",""price"":117,""stock"":25}]"
"Baby Corn (बेबी कॉर्न)","Exotics",49,63,"200g Pack",100,"https://cdn.shopify.com/s/files/1/0851/2638/1886/files/baby-corn-clean.png?v=1787584437","Baby Corn ( Trusted) – Fresh Baby Corn in Bhopal Selected from farms we trust. Not blindly sourced. Fresh baby corn sourced from partner farms we’ve personally vetted. Clean handling, consistent quality, and selected to meet our standards befor...","Direct Bhopal Contract Farms & Karond Krishi Mandi (MyGreenDelight Certified Harvest)","Store in a cool dry fruit basket at room temperature","[{""weight"":""250g Pack"",""price"":20,""stock"":40},{""weight"":""500g Pack"",""price"":35,""stock"":50},{""weight"":""1 kg Pack"",""price"":49,""stock"":60}]"
"Bell Peppers","Exotics",180,230,"1 kg",100,"https://cdn.shopify.com/s/files/1/0851/2638/1886/files/bell-pepper-clean.png?v=1787584159","Red & Yellow Bell Pepper ( Trusted) – Fresh Bell Peppers in Bhopal Selected from farms we trust. Not blindly sourced. Fresh red and yellow bell peppers sourced from partner farms we’ve personally vetted. Firm, vibrant, and consistent—used to ad...","Direct Bhopal Contract Farms & Karond Krishi Mandi (MyGreenDelight Certified Harvest)","Store in a cool dry fruit basket at room temperature","[{""weight"":""250g Pack"",""price"":54,""stock"":40},{""weight"":""500g Pack"",""price"":99,""stock"":50},{""weight"":""1 kg Pack"",""price"":180,""stock"":60}]"
"Green Zucchini (Zucchini)","Exotics",115,147,"250g Pack",100,"https://cdn.shopify.com/s/files/1/0851/2638/1886/files/green-zucchini-fixed.png?v=1787586633","Green Zucchini ( Grown) – Fresh Hydroponic Zucchini in Bhopal Harvested fresh. Not stored for days. Fresh green zucchini grown hydroponically at in Bhopal. Tender texture, clean handling, and consistent quality—easy to use in every...","Direct Bhopal Contract Farms & Karond Krishi Mandi (MyGreenDelight Certified Harvest)","Store in a cool dry fruit basket at room temperature","[{""weight"":""250g Pack"",""price"":115,""stock"":50},{""weight"":""500g (Twin Pack)"",""price"":219,""stock"":40},{""weight"":""1 kg (Family Pack)"",""price"":426,""stock"":30}]"
"Coconut (नया नारियल)","Fruits",80,102,"1 piece",100,"https://cdn.shopify.com/s/files/1/0551/4133/5088/products/76269_0_XL_1.jpg?v=1641643512","Premium farm-fresh Coconut. Naturally grown, handpicked, sanitized and packed under hygienic standards for optimal freshness and taste.","Direct Bhopal Contract Farms & Karond Krishi Mandi (MyGreenDelight Certified Harvest)","Keep refrigerated in vegetable crisper / airtight mesh bag","[{""weight"":""1 Pc"",""price"":80,""stock"":50},{""weight"":""2 Pcs Pack"",""price"":152,""stock"":40},{""weight"":""4 Pcs Family Pack"",""price"":296,""stock"":30}]"
"Pahadi Aalu (New) (नया आलू)","Vegetables",23,29,"250g",100,"https://vegswift.in/assets/potato-DfwNLs65.webp","Farm-fresh Pahadi Aalu, perfect for parathas and fries. Low moisture, high nutrition. Sourced from local Bhopal farms.","Direct Bhopal Contract Farms & Karond Krishi Mandi (MyGreenDelight Certified Harvest)","Keep refrigerated in vegetable crisper / airtight mesh bag","[{""weight"":""250g Pack"",""price"":23,""stock"":50},{""weight"":""500g (Twin Pack)"",""price"":44,""stock"":40},{""weight"":""1 kg (Family Pack)"",""price"":85,""stock"":30}]"
"Potato (Old) (आलू)","Vegetables",26,33,"250g",100,"https://cdn.shopify.com/s/files/1/0551/4133/5088/products/AlooNew.jpg?v=1646297339","Farm fresh Potato (आलू ) directly from Bhopal farmers & local mandis. Chemical-free, pesticide-monitored, handpicked and ozone washed for maximum purity and taste.","Direct Bhopal Contract Farms & Karond Krishi Mandi (MyGreenDelight Certified Harvest)","Keep refrigerated in vegetable crisper / airtight mesh bag","[{""weight"":""250g Pack"",""price"":26,""stock"":50},{""weight"":""500g (Twin Pack)"",""price"":49,""stock"":40},{""weight"":""1 kg (Family Pack)"",""price"":96,""stock"":30}]"
"Onion (प्याज़)","Vegetables",39,50,"250g",100,"https://cdn.shopify.com/s/files/1/0551/4133/5088/products/GreenOnion.jpg?v=1646296372","Onion (प्याज) – The Secret Ingredient for Delicious MealsOnion, a cornerstone of global cuisine, is a pungent and flavorful vegetable that belongs to the Allium family. Revered for its ability to transform any dish, onions bring depth, aroma, and character to countless recipes. Whether you&#x27;re crafti","Direct Bhopal Contract Farms & Karond Krishi Mandi (MyGreenDelight Certified Harvest)","Keep refrigerated in vegetable crisper / airtight mesh bag","[{""weight"":""250g Pack"",""price"":39,""stock"":50},{""weight"":""500g (Twin Pack)"",""price"":74,""stock"":40},{""weight"":""1 kg (Family Pack)"",""price"":144,""stock"":30}]"
"Radish (मूली)","Vegetables",23,29,"1 bundle",100,"https://vegswift.in/assets/Radish-DzQlK11M.webp","Farm fresh Radish (मूली) directly from Bhopal farmers & local mandis. Chemical-free, pesticide-monitored, handpicked and ozone washed for maximum purity and taste.","Direct Bhopal Contract Farms & Karond Krishi Mandi (MyGreenDelight Certified Harvest)","Keep refrigerated in vegetable crisper / airtight mesh bag","[{""weight"":""1 Bundle"",""price"":23,""stock"":50},{""weight"":""2 Bundles (Saver)"",""price"":44,""stock"":40}]"
"Beetroot (चुकंदर)","Vegetables",45,58,"250g",100,"https://vegswift.in/assets/saljam-Dfgaz45E.webp","Beetroot, often simply called beet, is a deeply hued, versatile root vegetable known for its rich purple-red color, sweet flavor, and numerous health benefits. Packed with essential nutrients, beetroots are an excellent source of fiber, folate (vitamin B9), manganese, potassium, iron, and vitamin C.","Direct Bhopal Contract Farms & Karond Krishi Mandi (MyGreenDelight Certified Harvest)","Keep refrigerated in vegetable crisper / airtight mesh bag","[{""weight"":""250g Pack"",""price"":45,""stock"":50},{""weight"":""500g (Twin Pack)"",""price"":86,""stock"":40},{""weight"":""1 kg (Family Pack)"",""price"":167,""stock"":30}]"
"Colocasia (अरबी)","Vegetables",80,102,"250g",100,"https://vegswift.in/assets/Colocasia-CkGgjPnF.webp","Fresh and tender Arbi. Selected for its smooth texture and ease of cooking. Great for dry sabzi.","Direct Bhopal Contract Farms & Karond Krishi Mandi (MyGreenDelight Certified Harvest)","Keep refrigerated in vegetable crisper / airtight mesh bag","[{""weight"":""250g Pack"",""price"":80,""stock"":50},{""weight"":""500g (Twin Pack)"",""price"":152,""stock"":40},{""weight"":""1 kg (Family Pack)"",""price"":296,""stock"":30}]"
"Desi Tomato (देसी टमाटर)","Vegetables",37,47,"250g",100,"https://cdn.shopify.com/s/files/1/0551/4133/5088/products/TomatoDesi.jpg?v=1641299502","Farm fresh Tomato (टमाटर) directly from Bhopal farmers & local mandis. Chemical-free, pesticide-monitored, handpicked and ozone washed for maximum purity and taste.","Direct Bhopal Contract Farms & Karond Krishi Mandi (MyGreenDelight Certified Harvest)","Keep refrigerated in vegetable crisper / airtight mesh bag","[{""weight"":""250g Pack"",""price"":37,""stock"":50},{""weight"":""500g (Twin Pack)"",""price"":70,""stock"":40},{""weight"":""1 kg (Family Pack)"",""price"":137,""stock"":30}]"
"Spicy Chilli (तीखी मिर्ची)","Vegetables",99,127,"250g",100,"https://vegswift.in/assets/SpicyChilli-D72zJt6_.webp","Super spicy green chillies for those who love heat. Sourced fresh to ensure maximum pungency and flavor.","Direct Bhopal Contract Farms & Karond Krishi Mandi (MyGreenDelight Certified Harvest)","Keep refrigerated in vegetable crisper / airtight mesh bag","[{""weight"":""250g Pack"",""price"":99,""stock"":50},{""weight"":""500g (Twin Pack)"",""price"":188,""stock"":40},{""weight"":""1 kg (Family Pack)"",""price"":366,""stock"":30}]"
"Mild Chilli (फीकी मिर्ची)","Vegetables",99,127,"250g",100,"https://vegswift.in/assets/green_chilli-DA4l22T6.webp","Less spicy green chillies, ideal for pakodas and mild garnishing. Crisp and fresh from local Bhopal farms.","Direct Bhopal Contract Farms & Karond Krishi Mandi (MyGreenDelight Certified Harvest)","Keep refrigerated in vegetable crisper / airtight mesh bag","[{""weight"":""250g Pack"",""price"":99,""stock"":50},{""weight"":""500g (Twin Pack)"",""price"":188,""stock"":40},{""weight"":""1 kg (Family Pack)"",""price"":366,""stock"":30}]"
"Capsicum (शिमला मिर्च)","Vegetables",73,93,"250g",100,"https://vegswift.in/assets/Capsicum-DoBwVOhb.webp","Capsicum, also known as bell pepper or sweet pepper, is a popular and colorful vegetable that belongs to the Solanaceae family. It is native to the Americas but is now cultivated worldwide due to its widespread culinary use and appealing taste. Capsicum comes in various colors, including green, red,","Direct Bhopal Contract Farms & Karond Krishi Mandi (MyGreenDelight Certified Harvest)","Keep refrigerated in vegetable crisper / airtight mesh bag","[{""weight"":""250g Pack"",""price"":73,""stock"":50},{""weight"":""500g (Twin Pack)"",""price"":139,""stock"":40},{""weight"":""1 kg (Family Pack)"",""price"":270,""stock"":30}]"
"Fenugreek (मेथी)","Vegetables",24,31,"1 bundle",100,"https://vegswift.in/assets/Fenugreek-CZhIvb1R.webp","Farm fresh Fenugreek (मेंथी) directly from Bhopal farmers & local mandis. Chemical-free, pesticide-monitored, handpicked and ozone washed for maximum purity and taste.","Direct Bhopal Contract Farms & Karond Krishi Mandi (MyGreenDelight Certified Harvest)","Keep refrigerated in vegetable crisper / airtight mesh bag","[{""weight"":""1 Bundle"",""price"":24,""stock"":50},{""weight"":""2 Bundles (Saver)"",""price"":46,""stock"":40}]"
"Spring Onion (हरा प्याज़)","Vegetables",30,38,"1 gadi",100,"https://vegswift.in/assets/SpringOnion-wP7dDWIZ.webp","Crisp green stalks with a mild onion flavor. Adds a fresh crunch to your Chinese and Indian dishes.","Direct Bhopal Contract Farms & Karond Krishi Mandi (MyGreenDelight Certified Harvest)","Keep refrigerated in vegetable crisper / airtight mesh bag","[{""weight"":""250g"",""price"":10,""stock"":50},{""weight"":""500g"",""price"":17,""stock"":60},{""weight"":""1 kg"",""price"":30,""stock"":80},{""weight"":""2 kg (Bulk Saver)"",""price"":57,""stock"":40},{""weight"":""5 kg (Society Sack)"",""price"":138,""stock"":25}]"
"Broccoli (ब्रोकली)","Exotics",172,220,"250g",100,"https://cdn.shopify.com/s/files/1/0551/4133/5088/products/Broccoli.jpg?v=1641640291","Farm fresh Broccoli (ब्रोकोली) directly from Bhopal farmers & local mandis. Chemical-free, pesticide-monitored, handpicked and ozone washed for maximum purity and taste.","Direct Bhopal Contract Farms & Karond Krishi Mandi (MyGreenDelight Certified Harvest)","Store in a cool dry fruit basket at room temperature","[{""weight"":""250g Pack"",""price"":172,""stock"":50},{""weight"":""500g (Twin Pack)"",""price"":327,""stock"":40},{""weight"":""1 kg (Family Pack)"",""price"":636,""stock"":30}]"
"Green Peas (मटर)","Vegetables",49,63,"250g",100,"https://vegswift.in/assets/pea_new-DmrNXIIb.webp","Sweet and tender seasonal peas. Sourced from local MP farms to ensure every pod is full and flavorful.","Direct Bhopal Contract Farms & Karond Krishi Mandi (MyGreenDelight Certified Harvest)","Keep refrigerated in vegetable crisper / airtight mesh bag","[{""weight"":""250g Pack"",""price"":49,""stock"":50},{""weight"":""500g (Twin Pack)"",""price"":93,""stock"":40},{""weight"":""1 kg (Family Pack)"",""price"":181,""stock"":30}]"
"Sponge Gourd (गिलकी)","Vegetables",70,90,"250g",100,"https://vegswift.in/assets/gourd_new-D5RFp2EB.webp","Sponge gourd, also known as Luffa or Ridge Gourd, is a tropical vegetable belonging to the Cucurbitaceae family. It is commonly grown in various regions of Asia, Africa, and the Middle East. The name ""sponge gourd"" comes from the unique texture of its mature fruit, which, when dried, forms a natural","Direct Bhopal Contract Farms & Karond Krishi Mandi (MyGreenDelight Certified Harvest)","Store in cool dry place or refrigerate dairy items below 4°C","[{""weight"":""250g Pack"",""price"":70,""stock"":50},{""weight"":""500g (Twin Pack)"",""price"":133,""stock"":40},{""weight"":""1 kg (Family Pack)"",""price"":259,""stock"":30}]"
"Long Brinjal (लंबा बैंगन)","Vegetables",40,51,"250g",100,"https://vegswift.in/assets/LongBrinjal-BC_NS1qz.webp","Product Descriptions The images on this website/App are meant to be samples only and are not intended to provide a perfect match to the actual product or color. The images may differ from the actual product due to reproduction limitations of the photograph. Therefore, Freshgo is not be held res","Direct Bhopal Contract Farms & Karond Krishi Mandi (MyGreenDelight Certified Harvest)","Keep refrigerated in vegetable crisper / airtight mesh bag","[{""weight"":""250g Pack"",""price"":40,""stock"":50},{""weight"":""500g (Twin Pack)"",""price"":76,""stock"":40},{""weight"":""1 kg (Family Pack)"",""price"":148,""stock"":30}]"
"Pumpkin (कद्दू)","Vegetables",41,52,"250g",100,"https://vegswift.in/assets/pumpkin-B8b34ygS.webp","Fresh Pumpkin (कद्दू) - Nature’s Nutrient-Rich DelightWelcome to E VEGETABLE BAZAAR, your one-stop destination for farm-fresh produce! Introducing our premium-quality Pumpkin (कद्दू), a versatile vegetable packed with nutrients, flavor, and endless culinary possibilities. Whether you&#x27;re crafting hea","Direct Bhopal Contract Farms & Karond Krishi Mandi (MyGreenDelight Certified Harvest)","Keep refrigerated in vegetable crisper / airtight mesh bag","[{""weight"":""250g Pack"",""price"":41,""stock"":50},{""weight"":""500g (Twin Pack)"",""price"":78,""stock"":40},{""weight"":""1 kg (Family Pack)"",""price"":152,""stock"":30}]"
"Apple Gourd (टिंडा)","Fruits",130,166,"250g",100,"https://vegswift.in/assets/AppleGourd-BUVVc1Rj.webp","Fresh and Nutritious Apple Gourd (टिंडा) - A Healthy Addition to Your PlateBring home the goodness of Apple Gourd (टिंडा), a versatile and nutrient-rich vegetable that’s perfect for your everyday meals. Sourced fresh from trusted farms, this wholesome vegetable is a staple in many Indian kitchens, l","Direct Bhopal Contract Farms & Karond Krishi Mandi (MyGreenDelight Certified Harvest)","Store in a cool dry fruit basket at room temperature","[{""weight"":""250g Pack"",""price"":130,""stock"":50},{""weight"":""500g (Twin Pack)"",""price"":247,""stock"":40},{""weight"":""1 kg (Family Pack)"",""price"":481,""stock"":30}]"
"Cluster Beans (गवार फली)","Vegetables",97,124,"250g",100,"https://vegswift.in/assets/ClusterBeans-Bh_eUKdG.webp","100% farm-fresh Cluster Beans (गवार फल्ली ) sourced daily from trusted local Bhopal & MP farmers. Graded for premium quality, crisp texture, and natural freshness.","Direct Bhopal Contract Farms & Karond Krishi Mandi (MyGreenDelight Certified Harvest)","Keep refrigerated in vegetable crisper / airtight mesh bag","[{""weight"":""250g Pack"",""price"":97,""stock"":50},{""weight"":""500g (Twin Pack)"",""price"":184,""stock"":40},{""weight"":""1 kg (Family Pack)"",""price"":359,""stock"":30}]"
"Broad Beans (सेम)","Vegetables",38,49,"250g",100,"https://vegswift.in/assets/Broadbeans-CxzFqgUC.webp","Fresh seasonal Broad Beans (Sem). High fiber content and authentic farm taste. Perfect for winter meals.","Direct Bhopal Contract Farms & Karond Krishi Mandi (MyGreenDelight Certified Harvest)","Keep refrigerated in vegetable crisper / airtight mesh bag","[{""weight"":""250g Pack"",""price"":38,""stock"":50},{""weight"":""500g (Twin Pack)"",""price"":72,""stock"":40},{""weight"":""1 kg (Family Pack)"",""price"":141,""stock"":30}]"
"Ivy Gourd (कुंदरू)","Vegetables",55,70,"250g",100,"https://vegswift.in/assets/ivy_gourd_new-DuXGglU-.webp","Fresh Ivy Gourd (कुंदरू) - Nature’s Nutritional GiftWelcome to E - VEGETABLE BAZAAR, your trusted destination for farm-fresh produce! Discover the incredible goodness of Ivy Gourd (कुंदरू), a versatile vegetable loved for its crisp texture, delicate flavor, and remarkable health benefits. Perfect fo","Direct Bhopal Contract Farms & Karond Krishi Mandi (MyGreenDelight Certified Harvest)","Keep refrigerated in vegetable crisper / airtight mesh bag","[{""weight"":""250g Pack"",""price"":55,""stock"":50},{""weight"":""500g (Twin Pack)"",""price"":105,""stock"":40},{""weight"":""1 kg (Family Pack)"",""price"":204,""stock"":30}]"
"Bitter Gourd (Small) (करेली)","Vegetables",42,54,"250g",100,"https://vegswift.in/assets/karela-DDITaoiG.webp","Product Descriptions The images on this website/App are meant to be samples only and are not intended to provide a perfect match to the actual product or color. The images may differ from the actual product due to reproduction limitations of the photograph. Therefore, Freshgo is not be held res","Direct Bhopal Contract Farms & Karond Krishi Mandi (MyGreenDelight Certified Harvest)","Keep refrigerated in vegetable crisper / airtight mesh bag","[{""weight"":""250g Pack"",""price"":42,""stock"":50},{""weight"":""500g (Twin Pack)"",""price"":80,""stock"":40},{""weight"":""1 kg (Family Pack)"",""price"":155,""stock"":30}]"
"Pointed Gourd (परवल)","Vegetables",55,70,"250g",100,"https://vegswift.in/assets/pointed_gourd_new-DTE1cW4m.webp","Fresh Pointed Gourd (परवल) - Your Key to Healthy Eating!Discover the wholesome goodness of Pointed Gourd (परवल), a versatile and nutrient-rich vegetable that’s a staple in many Indian households. Sourced fresh and delivered with care by E-Vegetable Bazaar, this humble vegetable is perfect for creati","Direct Bhopal Contract Farms & Karond Krishi Mandi (MyGreenDelight Certified Harvest)","Keep refrigerated in vegetable crisper / airtight mesh bag","[{""weight"":""250g Pack"",""price"":55,""stock"":50},{""weight"":""500g (Twin Pack)"",""price"":105,""stock"":40},{""weight"":""1 kg (Family Pack)"",""price"":204,""stock"":30}]"
"Cucumber (खीरा)","Vegetables",44,56,"250g",100,"https://vegswift.in/assets/Cucumber-CTa_c7rh.webp","Cucumbers are a widely cultivated plant in the gourd family, Cucurbitaceae. Known scientifically as *Cucumis sativus*, cucumbers are characterized by their crisp texture and high water content, making them a refreshing addition to salads, sandwiches, and various dishes. Typically elongated, cucumber","Direct Bhopal Contract Farms & Karond Krishi Mandi (MyGreenDelight Certified Harvest)","Keep refrigerated in vegetable crisper / airtight mesh bag","[{""weight"":""250g Pack"",""price"":44,""stock"":50},{""weight"":""500g (Twin Pack)"",""price"":84,""stock"":40},{""weight"":""1 kg (Family Pack)"",""price"":163,""stock"":30}]"
"Lemon (नींबू)","Vegetables",42,54,"250g",100,"https://cdn.shopify.com/s/files/1/0551/4133/5088/products/Nimbu.jpg?v=1646295775","Farm fresh lemon (नींबू) directly from Bhopal farmers & local mandis. Chemical-free, pesticide-monitored, handpicked and ozone washed for maximum purity and taste.","Direct Bhopal Contract Farms & Karond Krishi Mandi (MyGreenDelight Certified Harvest)","Keep refrigerated in vegetable crisper / airtight mesh bag","[{""weight"":""250g Pack"",""price"":42,""stock"":50},{""weight"":""500g (Twin Pack)"",""price"":80,""stock"":40},{""weight"":""1 kg (Family Pack)"",""price"":155,""stock"":30}]"
"Yardlong Beans (बरबटी)","Vegetables",49,63,"250g",100,"https://vegswift.in/assets/long_bean_new-tY1dbW4B.webp","Fresh and long Barbati beans. High in nutrients and sourced from local Bhopal mandi daily.","Direct Bhopal Contract Farms & Karond Krishi Mandi (MyGreenDelight Certified Harvest)","Keep refrigerated in vegetable crisper / airtight mesh bag","[{""weight"":""250g Pack"",""price"":49,""stock"":50},{""weight"":""500g (Twin Pack)"",""price"":93,""stock"":40},{""weight"":""1 kg (Family Pack)"",""price"":181,""stock"":30}]"
"Raw Banana (कच्चा केला)","Fruits",60,77,"250g",100,"https://cdn.shopify.com/s/files/1/0551/4133/5088/products/depositphotos_19049353-stock-photo-fruit_1.jpg?v=1641545342","Raw Banana: The Versatile, Nutrient-Rich Superfood Raw bananas, also known as green bananas or plantains, are a staple in many Indian households, especially in vegetarian and vegan diets. Unlike ripe bananas, raw bananas are firmer and have a mild, starchy taste, making them an excellent choice for","Direct Bhopal Contract Farms & Karond Krishi Mandi (MyGreenDelight Certified Harvest)","Store in a cool dry fruit basket at room temperature","[{""weight"":""250g Pack"",""price"":60,""stock"":50},{""weight"":""500g (Twin Pack)"",""price"":114,""stock"":40},{""weight"":""1 kg (Family Pack)"",""price"":222,""stock"":30}]"
"Mushroom (मशरूम (Mushroom))","Exotics",63,81,"1 packet",100,"https://dukaan.b-cdn.net/700x700/webp/master/products/product__a869b2ee-185d-4af9-ba43-1ea5e7377c31.jpg","Farm fresh Mushroom (मशरूम) directly from Bhopal farmers & local mandis. Chemical-free, pesticide-monitored, handpicked and ozone washed for maximum purity and taste.","Direct Bhopal Contract Farms & Karond Krishi Mandi (MyGreenDelight Certified Harvest)","Store in a cool dry fruit basket at room temperature","[{""weight"":""250g Pack"",""price"":20,""stock"":40},{""weight"":""500g Pack"",""price"":35,""stock"":50},{""weight"":""1 kg Pack"",""price"":63,""stock"":60}]"
"Drumstick (मुनगा (Drumstick))","Vegetables",35,45,"250g",100,"https://cdn.shopify.com/s/files/1/0551/4133/5088/products/DrumStick.jpg?v=1646299725","Farm fresh Drumstick (मुनगा) directly from Bhopal farmers & local mandis. Chemical-free, pesticide-monitored, handpicked and ozone washed for maximum purity and taste.","Direct Bhopal Contract Farms & Karond Krishi Mandi (MyGreenDelight Certified Harvest)","Keep refrigerated in vegetable crisper / airtight mesh bag","[{""weight"":""250g Pack"",""price"":35,""stock"":50},{""weight"":""500g (Twin Pack)"",""price"":67,""stock"":40},{""weight"":""1 kg (Family Pack)"",""price"":130,""stock"":30}]"
"Red Apple (सेब)","Fruits",150,192,"250g",100,"https://vegswift.in/assets/RedApple_Poster-Ojv_2RV7.webp","Crisp, sweet, and juicy red apples sourced from the best orchards. Perfect for a healthy daily snack.","Direct Bhopal Contract Farms & Karond Krishi Mandi (MyGreenDelight Certified Harvest)","Store in a cool dry fruit basket at room temperature","[{""weight"":""250g Pack"",""price"":150,""stock"":50},{""weight"":""500g (Twin Pack)"",""price"":285,""stock"":40},{""weight"":""1 kg (Family Pack)"",""price"":555,""stock"":30}]"
"Guava (अमरूद)","Fruits",60,77,"250g",100,"https://vegswift.in/assets/Guava-CDA6XZWE.webp","Sweet, Vitamin-C rich guavas with a soft pink/white heart. Sourced fresh to ensure peak ripeness.","Direct Bhopal Contract Farms & Karond Krishi Mandi (MyGreenDelight Certified Harvest)","Store in a cool dry fruit basket at room temperature","[{""weight"":""250g Pack"",""price"":60,""stock"":50},{""weight"":""500g (Twin Pack)"",""price"":114,""stock"":40},{""weight"":""1 kg (Family Pack)"",""price"":222,""stock"":30}]"
"Green Grapes (हरे अंगूर)","Fruits",98,125,"250g",100,"https://vegswift.in/assets/Grapesgreen-BAPkWD8S.webp","Farm fresh Grapes (अंगूर) directly from Bhopal farmers & local mandis. Chemical-free, pesticide-monitored, handpicked and ozone washed for maximum purity and taste.","Direct Bhopal Contract Farms & Karond Krishi Mandi (MyGreenDelight Certified Harvest)","Store in a cool dry fruit basket at room temperature","[{""weight"":""250g Pack"",""price"":98,""stock"":50},{""weight"":""500g (Twin Pack)"",""price"":186,""stock"":40},{""weight"":""1 kg (Family Pack)"",""price"":363,""stock"":30}]"
"Orange (संतरा)","Fruits",52,67,"250g",100,"https://vegswift.in/assets/Orange-CXKkyFaZ.webp","Farm fresh Orange (संतरे) directly from Bhopal farmers & local mandis. Chemical-free, pesticide-monitored, handpicked and ozone washed for maximum purity and taste.","Direct Bhopal Contract Farms & Karond Krishi Mandi (MyGreenDelight Certified Harvest)","Store in a cool dry fruit basket at room temperature","[{""weight"":""250g Pack"",""price"":52,""stock"":50},{""weight"":""500g (Twin Pack)"",""price"":99,""stock"":40},{""weight"":""1 kg (Family Pack)"",""price"":192,""stock"":30}]"
"Pineapple (अनानास)","Fruits",95,122,"1 pc",100,"https://cdn.shopify.com/s/files/1/0551/4133/5088/products/pineapple-queen-1-pc-0-20201119_1.jpg?v=1642264484","100% farm-fresh Pineapple (अनानास) sourced daily from trusted local Bhopal & MP farmers. Graded for premium quality, crisp texture, and natural freshness.","Direct Bhopal Contract Farms & Karond Krishi Mandi (MyGreenDelight Certified Harvest)","Store in a cool dry fruit basket at room temperature","[{""weight"":""1 Pc"",""price"":95,""stock"":50},{""weight"":""2 Pcs Pack"",""price"":181,""stock"":40},{""weight"":""4 Pcs Family Pack"",""price"":352,""stock"":30}]"
"Papaya (पपीता)","Fruits",58,74,"250g",100,"https://cdn.shopify.com/s/files/1/0551/4133/5088/products/green-papaya-201706_1.jpg?v=1642398393","Farm fresh Papaya (पपीता) directly from Bhopal farmers & local mandis. Chemical-free, pesticide-monitored, handpicked and ozone washed for maximum purity and taste.","Direct Bhopal Contract Farms & Karond Krishi Mandi (MyGreenDelight Certified Harvest)","Store in a cool dry fruit basket at room temperature","[{""weight"":""250g Pack"",""price"":58,""stock"":50},{""weight"":""500g (Twin Pack)"",""price"":110,""stock"":40},{""weight"":""1 kg (Family Pack)"",""price"":215,""stock"":30}]"
"Kiwi (कीवी)","Fruits",134,172,"1 packet",100,"https://cdn.shopify.com/s/files/1/0551/4133/5088/products/kiwigreen.png?v=1646198845","100% farm-fresh Kiwi (कीवी) sourced daily from trusted local Bhopal & MP farmers. Graded for premium quality, crisp texture, and natural freshness.","Direct Bhopal Contract Farms & Karond Krishi Mandi (MyGreenDelight Certified Harvest)","Store in a cool dry fruit basket at room temperature","[{""weight"":""250g Pack"",""price"":40,""stock"":40},{""weight"":""500g Pack"",""price"":74,""stock"":50},{""weight"":""1 kg Pack"",""price"":134,""stock"":60}]"
"Premium Apple (प्रीमियम सेब)","Fruits",164,210,"250g",100,"https://vegswift.in/assets/RedApple_Poster-Ojv_2RV7.webp","Fresh Small Shimla Apples Enjoy the delightful flavor of fresh Shimla apples, known for their crisp texture and mildly sweet taste. These small, vibrant apples are perfect for snacking and packed with nutrients like fiber and antioxidants. Shimla apples have a beautiful red skin with a hint of green","Direct Bhopal Contract Farms & Karond Krishi Mandi (MyGreenDelight Certified Harvest)","Store in a cool dry fruit basket at room temperature","[{""weight"":""250g Pack"",""price"":164,""stock"":50},{""weight"":""500g (Twin Pack)"",""price"":312,""stock"":40},{""weight"":""1 kg (Family Pack)"",""price"":607,""stock"":30}]"
"Standard Apple (स्टैंडर्ड सेब)","Fruits",180,230,"250g",100,"https://vegswift.in/assets/Fresh_Apply-BZtQPggs.webp","Fresh and crunchy apples for your daily health. Consistent quality and great taste at an affordable price.","Direct Bhopal Contract Farms & Karond Krishi Mandi (MyGreenDelight Certified Harvest)","Store in cool dry place or refrigerate dairy items below 4°C","[{""weight"":""250g Pack"",""price"":180,""stock"":50},{""weight"":""500g (Twin Pack)"",""price"":342,""stock"":40},{""weight"":""1 kg (Family Pack)"",""price"":666,""stock"":30}]"
"Fresh Strawberry (ताज़ा स्ट्रॉबेरी)","Fruits",70,90,"1 packet",100,"https://vegswift.in/assets/fresh_strawberry-CWdIfYaf.webp","Sweet, juicy, and vibrant red strawberries. Rich in Vitamin C and antioxidants, perfect for desserts.","Direct Bhopal Contract Farms & Karond Krishi Mandi (MyGreenDelight Certified Harvest)","Store in a cool dry fruit basket at room temperature","[{""weight"":""250g"",""price"":21,""stock"":50},{""weight"":""500g"",""price"":39,""stock"":60},{""weight"":""1 kg"",""price"":70,""stock"":80},{""weight"":""2 kg (Bulk Saver)"",""price"":133,""stock"":40},{""weight"":""5 kg (Society Sack)"",""price"":322,""stock"":25}]"
"Standard Banana (स्टैंडर्ड केला)","Fruits",40,51,"12 pcs",100,"https://vegswift.in/assets/banana-DVDXiriU.webp","Daily fresh standard quality bananas. High energy snack, sourced daily from local mandi for freshness.","Direct Bhopal Contract Farms & Karond Krishi Mandi (MyGreenDelight Certified Harvest)","Store in a cool dry fruit basket at room temperature","[{""weight"":""1 Pc"",""price"":40,""stock"":50},{""weight"":""2 Pcs Pack"",""price"":76,""stock"":40},{""weight"":""4 Pcs Family Pack"",""price"":148,""stock"":30}]"
"Kinnow (Kino) (किन्नू)","Fruits",85,109,"250g",100,"https://vegswift.in/assets/Orange-CXKkyFaZ.webp","Sweet and juicy local citrus fruit. High Vitamin C content, perfect for refreshing winter juices.","Direct Bhopal Contract Farms & Karond Krishi Mandi (MyGreenDelight Certified Harvest)","Store in a cool dry fruit basket at room temperature","[{""weight"":""250g Pack"",""price"":85,""stock"":50},{""weight"":""500g (Twin Pack)"",""price"":162,""stock"":40},{""weight"":""1 kg (Family Pack)"",""price"":315,""stock"":30}]"
"Dasgri Aam (Dussehri) (दशहरी आम)","Fruits",120,154,"250g",100,"https://vegswift.in/assets/dussehri_mango-BXQ8ElXw.png","Sweet, highly aromatic Dussehri mangoes sourced fresh from local orchards.","Direct Bhopal Contract Farms & Karond Krishi Mandi (MyGreenDelight Certified Harvest)","Store in a cool dry fruit basket at room temperature","[{""weight"":""250g Pack"",""price"":120,""stock"":50},{""weight"":""500g (Twin Pack)"",""price"":228,""stock"":40},{""weight"":""1 kg (Family Pack)"",""price"":444,""stock"":30}]"
"Badam Aam (Badami) (बादामी आम)","Fruits",260,333,"250g Pack",100,"https://vegswift.in/assets/badami_mango-DcslI_tN.png","Delicious, sweet, and pulpy Badami mangoes, packed with vitamins.","Direct Bhopal Contract Farms & Karond Krishi Mandi (MyGreenDelight Certified Harvest)","Store in cool dry place or refrigerate dairy items below 4°C","[{""weight"":""250g Pack"",""price"":260,""stock"":50},{""weight"":""500g (Twin Pack)"",""price"":494,""stock"":40},{""weight"":""1 kg (Family Pack)"",""price"":962,""stock"":30}]"
"watermelon (तरबूज़)","Fruits",69,88,"250g",100,"https://cdn.shopify.com/s/files/1/0551/4133/5088/products/WaterMelon.jpg?v=1642233848","Farm fresh Water melon (तरबूज) directly from Bhopal farmers & local mandis. Chemical-free, pesticide-monitored, handpicked and ozone washed for maximum purity and taste.","Direct Bhopal Contract Farms & Karond Krishi Mandi (MyGreenDelight Certified Harvest)","Store in a cool dry fruit basket at room temperature","[{""weight"":""250g Pack"",""price"":69,""stock"":50},{""weight"":""500g (Twin Pack)"",""price"":131,""stock"":40},{""weight"":""1 kg (Family Pack)"",""price"":255,""stock"":30}]"
"Dahi (Curd) (ताज़ा दही)","Dairy & Staples",100,128,"500g",100,"https://vegswift.in/assets/Curd-C9wiaa1x.webp","Thick, creamy, and farm-fresh curd made from 100% pure milk. No preservatives, just authentic home-style taste.","Direct Bhopal Contract Farms & Karond Krishi Mandi (MyGreenDelight Certified Harvest)","Store in cool dry place or refrigerate dairy items below 4°C","[{""weight"":""500g Pack"",""price"":55,""stock"":50},{""weight"":""1 kg Pack"",""price"":100,""stock"":60},{""weight"":""2 kg Value Pack"",""price"":190,""stock"":40}]"
"Paneer (ताज़ा पनीर)","Dairy & Staples",172,220,"250g",100,"https://cdn.shopify.com/s/files/1/0551/4133/5088/products/Paneer.jpg?v=1644672587","Paneer Loose 250g Fresh, soft, and creamy paneer – perfect for all your favorite Indian dishes. Made from pure milk, our paneer is rich in protein and calcium, making it a healthy choice for your family. Ideal for curries, snacks, and gravies, this paneer stays fresh and delicious when cooked.✅ 100%","Direct Bhopal Contract Farms & Karond Krishi Mandi (MyGreenDelight Certified Harvest)","Store in cool dry place or refrigerate dairy items below 4°C","[{""weight"":""250g Pack"",""price"":172,""stock"":50},{""weight"":""500g (Twin Pack)"",""price"":327,""stock"":40},{""weight"":""1 kg (Family Pack)"",""price"":636,""stock"":30}]"
"Cow Milk (गाय का दूध)","Dairy & Staples",60,77,"500ml",100,"https://images.unsplash.com/photo-1540420773420-3366772f4999?auto=format&fit=crop&w=600&q=80","Pure, light, and easy-to-digest cow milk. Sourced from local grass-fed cows and delivered fresh within hours of milking.","Direct Bhopal Contract Farms & Karond Krishi Mandi (MyGreenDelight Certified Harvest)","Store in cool dry place or refrigerate dairy items below 4°C","[{""weight"":""500g Pack"",""price"":33,""stock"":50},{""weight"":""1 kg Pack"",""price"":60,""stock"":60},{""weight"":""2 kg Value Pack"",""price"":114,""stock"":40}]"
"Buffalo Milk (भैंस का दूध)","Dairy & Staples",70,90,"500ml",100,"https://images.unsplash.com/photo-1540420773420-3366772f4999?auto=format&fit=crop&w=600&q=80","Rich, thick, and high-fat buffalo milk. Ideal for making thick curd, aromatic ghee, and traditional Indian sweets at home.","Direct Bhopal Contract Farms & Karond Krishi Mandi (MyGreenDelight Certified Harvest)","Store in cool dry place or refrigerate dairy items below 4°C","[{""weight"":""500g Pack"",""price"":39,""stock"":50},{""weight"":""1 kg Pack"",""price"":70,""stock"":60},{""weight"":""2 kg Value Pack"",""price"":133,""stock"":40}]"
"Buffalo Ghee (शुद्ध भैंस का घी)","Dairy & Staples",802,1027,"500g",100,"https://vegswift.in/assets/Ghee-DOVyGJyH.webp","100% farm-fresh Buffalo Desi Ghee (देसी घी (भैंस)) sourced daily from trusted local Bhopal & MP farmers. Graded for premium quality, crisp texture, and natural freshness.","Direct Bhopal Contract Farms & Karond Krishi Mandi (MyGreenDelight Certified Harvest)","Store in cool dry place or refrigerate dairy items below 4°C","[{""weight"":""1 kg Pack"",""price"":160,""stock"":50},{""weight"":""5 kg Bag"",""price"":802,""stock"":40},{""weight"":""10 kg Mega Saver"",""price"":1564,""stock"":20}]"
"Normal Ghee (साधारण घी)","Dairy & Staples",600,768,"500g",100,"https://vegswift.in/assets/Ghee-DOVyGJyH.webp","Quality everyday cooking ghee. Pure and aromatic, suitable for all your kitchen needs at an affordable price.","Direct Bhopal Contract Farms & Karond Krishi Mandi (MyGreenDelight Certified Harvest)","Store in cool dry place or refrigerate dairy items below 4°C","[{""weight"":""1 kg Pack"",""price"":120,""stock"":50},{""weight"":""5 kg Bag"",""price"":600,""stock"":40},{""weight"":""10 kg Mega Saver"",""price"":1170,""stock"":20}]"
"Organic Green Chilli (जैविक हरी मिर्च)","Vegetables",95,122,"250g",100,"https://vegswift.in/assets/green_chilli-DA4l22T6.webp","Green Chilli (Dark) - Add a Fiery Kick to Your Dishes!E VEGETABLE BAZAAR proudly presents Green Chilli (Dark), the ultimate choice for spice enthusiasts who crave bold flavors. This vibrant variety of green chili is known for its deep, dark hue and intense heat, making it a must-have ingredient for","Direct Bhopal Contract Farms & Karond Krishi Mandi (MyGreenDelight Certified Harvest)","Store in cool dry place or refrigerate dairy items below 4°C","[{""weight"":""250g Pack"",""price"":95,""stock"":50},{""weight"":""500g (Twin Pack)"",""price"":181,""stock"":40},{""weight"":""1 kg (Family Pack)"",""price"":352,""stock"":30}]"
"Fresh Fruit Salad (Glass) (ताज़ा फ्रूट सलाद)","Fruits",60,77,"1 Glass",100,"https://vegswift.in/assets/fruit_salad_glass-DeTrEjph.webp","Premium fruit salad served in a chilled glass.","Direct Bhopal Contract Farms & Karond Krishi Mandi (MyGreenDelight Certified Harvest)","Store in a cool dry fruit basket at room temperature","[{""weight"":""250g"",""price"":18,""stock"":50},{""weight"":""500g"",""price"":33,""stock"":60},{""weight"":""1 kg"",""price"":60,""stock"":80},{""weight"":""2 kg (Bulk Saver)"",""price"":114,""stock"":40},{""weight"":""5 kg (Society Sack)"",""price"":276,""stock"":25}]"
"Healthy Vegetable Salad (हेल्दी वेजिटेबल सलाद)","Vegetables",60,77,"1 Bowl",100,"https://images.unsplash.com/photo-1540420773420-3366772f4999?auto=format&fit=crop&w=600&q=80","Crispy and fresh cut vegetable mix.","Direct Bhopal Contract Farms & Karond Krishi Mandi (MyGreenDelight Certified Harvest)","Keep refrigerated in vegetable crisper / airtight mesh bag","[{""weight"":""250g Tray"",""price"":60,""stock"":50},{""weight"":""500g Family Tray"",""price"":111,""stock"":40},{""weight"":""1 kg Bulk Kitchen Pack"",""price"":210,""stock"":25}]"
"Dragon Fruit Premium Juice (ड्रैगन फ्रूट प्रीमियम जूस)","Fruits",179,229,"1 Glass",100,"https://images.unsplash.com/photo-1540420773420-3366772f4999?auto=format&fit=crop&w=600&q=80","Exotic dragon fruit juice. Visual delight & healthy.","Direct Bhopal Contract Farms & Karond Krishi Mandi (MyGreenDelight Certified Harvest)","Store in a cool dry fruit basket at room temperature","[{""weight"":""250g Pack"",""price"":54,""stock"":40},{""weight"":""500g Pack"",""price"":98,""stock"":50},{""weight"":""1 kg Pack"",""price"":179,""stock"":60}]"
"Tawa Roti (तवा रोटी)","Vegetables",8,10,"1 piece",100,"https://images.unsplash.com/photo-1540420773420-3366772f4999?auto=format&fit=crop&w=600&q=80","Soft handmade wheat roti.","Direct Bhopal Contract Farms & Karond Krishi Mandi (MyGreenDelight Certified Harvest)","Keep refrigerated in vegetable crisper / airtight mesh bag","[{""weight"":""1 Pc"",""price"":15,""stock"":50},{""weight"":""2 Pcs Pack"",""price"":29,""stock"":40},{""weight"":""4 Pcs Family Pack"",""price"":56,""stock"":30}]"
"Rumali Roti (रूमाली रोटी)","Vegetables",10,13,"1 piece",100,"https://images.unsplash.com/photo-1540420773420-3366772f4999?auto=format&fit=crop&w=600&q=80","Thin and soft rumali roti.","Direct Bhopal Contract Farms & Karond Krishi Mandi (MyGreenDelight Certified Harvest)","Keep refrigerated in vegetable crisper / airtight mesh bag","[{""weight"":""1 Pc"",""price"":15,""stock"":50},{""weight"":""2 Pcs Pack"",""price"":29,""stock"":40},{""weight"":""4 Pcs Family Pack"",""price"":56,""stock"":30}]"
"Exotic Fruit Salad (एग्जोटिक फ्रूट सलाद)","Fruits",249,319,"250g",100,"https://vegswift.in/assets/exotic_fruit_salad-CDwzoBiN.png","Grape fruit, kiwi, Mango & Berries","Direct Bhopal Contract Farms & Karond Krishi Mandi (MyGreenDelight Certified Harvest)","Store in a cool dry fruit basket at room temperature","[{""weight"":""250g Pack"",""price"":249,""stock"":50},{""weight"":""500g (Twin Pack)"",""price"":473,""stock"":40},{""weight"":""1 kg (Family Pack)"",""price"":921,""stock"":30}]"
"Detox Juice Pack (डिटॉक्स जूस पैक)","Vegetables",199,255,"250g",100,"https://vegswift.in/assets/detox_juice_pack-BZIe_h_a.png","Set of 3 Cold-pressed juices","Direct Bhopal Contract Farms & Karond Krishi Mandi (MyGreenDelight Certified Harvest)","Keep refrigerated in vegetable crisper / airtight mesh bag","[{""weight"":""250g Pack"",""price"":199,""stock"":50},{""weight"":""500g (Twin Pack)"",""price"":378,""stock"":40},{""weight"":""1 kg (Family Pack)"",""price"":736,""stock"":30}]"
"Avocado Morning (एवोकैडो मॉर्निंग)","Exotics",289,370,"250g",100,"https://vegswift.in/assets/avocado_morning-CasiZ50J.png","Sour Dough, Salmon & Poached Egg","Direct Bhopal Contract Farms & Karond Krishi Mandi (MyGreenDelight Certified Harvest)","Store in a cool dry fruit basket at room temperature","[{""weight"":""250g Pack"",""price"":289,""stock"":50},{""weight"":""500g (Twin Pack)"",""price"":549,""stock"":40},{""weight"":""1 kg (Family Pack)"",""price"":1069,""stock"":30}]"
"Budget Potato (Aalu) (बजट आलू)","Vegetables",16,20,"250g",100,"https://vegswift.in/assets/potato-DfwNLs65.webp","Daily use potatoes with slight size variation. Still great for curries, fries, and daily dishes.","Direct Bhopal Contract Farms & Karond Krishi Mandi (MyGreenDelight Certified Harvest)","Keep refrigerated in vegetable crisper / airtight mesh bag","[{""weight"":""250g Pack"",""price"":16,""stock"":50},{""weight"":""500g (Twin Pack)"",""price"":30,""stock"":40},{""weight"":""1 kg (Family Pack)"",""price"":59,""stock"":30}]"
"Budget Onion (Pyaz) (बजट प्याज़)","Vegetables",20,26,"250g",100,"https://vegswift.in/assets/onion-B0HHN2uv.webp","Standard Nashik onions. Slight size variance but perfect for daily cooking, gravy, and salads.","Direct Bhopal Contract Farms & Karond Krishi Mandi (MyGreenDelight Certified Harvest)","Keep refrigerated in vegetable crisper / airtight mesh bag","[{""weight"":""250g Pack"",""price"":20,""stock"":50},{""weight"":""500g (Twin Pack)"",""price"":38,""stock"":40},{""weight"":""1 kg (Family Pack)"",""price"":74,""stock"":30}]"
"Budget Tomato (बजट टमाटर)","Vegetables",19,24,"250g",100,"https://vegswift.in/assets/tomato-Dbk6DB12.webp","Fresh local tomatoes. May contain slight shape differences but juicy and perfectly suitable for daily curries.","Direct Bhopal Contract Farms & Karond Krishi Mandi (MyGreenDelight Certified Harvest)","Keep refrigerated in vegetable crisper / airtight mesh bag","[{""weight"":""250g Pack"",""price"":19,""stock"":50},{""weight"":""500g (Twin Pack)"",""price"":36,""stock"":40},{""weight"":""1 kg (Family Pack)"",""price"":70,""stock"":30}]"
"Budget Banana (बजट केला)","Fruits",28,36,"12 pcs",100,"https://vegswift.in/assets/banana-DVDXiriU.webp","Standard sweet bananas. Rich in potassium, ideal for milkshakes and daily consumption.","Direct Bhopal Contract Farms & Karond Krishi Mandi (MyGreenDelight Certified Harvest)","Store in cool dry place or refrigerate dairy items below 4°C","[{""weight"":""1 Pc"",""price"":28,""stock"":50},{""weight"":""2 Pcs Pack"",""price"":53,""stock"":40},{""weight"":""4 Pcs Family Pack"",""price"":104,""stock"":30}]"
"Budget Red Apple (बजट सेब)","Fruits",99,127,"250g",100,"https://vegswift.in/assets/RedApple_Poster-Ojv_2RV7.webp","Crunchy daily-health apples. Healthy and rich in fiber, with minor skin spots.","Direct Bhopal Contract Farms & Karond Krishi Mandi (MyGreenDelight Certified Harvest)","Store in a cool dry fruit basket at room temperature","[{""weight"":""250g Pack"",""price"":99,""stock"":50},{""weight"":""500g (Twin Pack)"",""price"":188,""stock"":40},{""weight"":""1 kg (Family Pack)"",""price"":366,""stock"":30}]"
"Budget Papaya (बजट पपीता)","Fruits",45,58,"250g",100,"https://vegswift.in/assets/papaya-DJSe0-Wf.webp","Daily fresh standard papayas, sweet and healthy for digestion.","Direct Bhopal Contract Farms & Karond Krishi Mandi (MyGreenDelight Certified Harvest)","Store in a cool dry fruit basket at room temperature","[{""weight"":""250g Pack"",""price"":45,""stock"":50},{""weight"":""500g (Twin Pack)"",""price"":86,""stock"":40},{""weight"":""1 kg (Family Pack)"",""price"":167,""stock"":30}]"
"Cut Carrot & French Beans Mix (200g)","Ready-to-Cook & Cut Produce",60,77,"200gm",100,"https://dukaan.b-cdn.net/700x700/webp/media/c76b1538-9d86-4e14-b7c6-00a818c657ce.jpg","Elevate your meals with our Cut Carrot & French Beans Mix, a vibrant and nutritious blend designed to bring flavor and freshness to your dishes. This convenient 200g package features perfectly cut carrots and crisp French beans, ensuring that you spend less time preparing and more time enjoying your culinary creations. Packed with essential vitamins and minerals, this mix is perfect for stir-fries, salads, and as a colorful side to your favorite entrees. Make every meal a celebration of taste and health with this delightful vegetable mix!- 🥕 **Nutritious Blend:** Get a boost of vitamins A and C from fresh carrots and iron from French beans. - 🌱 **Convenient Preparation:** Pre-cut for ease, making meal prep quick and hassle-free. - 🍽️ **Versatile Usage:** Ideal for stir-fries, salads, and steaming—perfect for any cuisine type. - 🍃 **Freshness Guaranteed:** Packed with care to ensure you receive the crunch and flavor of farm-fresh vegetables. - 🥗 **Healthy Eating Made Easy:** Add a pop of color and nutrition to your daily meals effortlessly!","Direct Bhopal Contract Farms & Karond Krishi Mandi (MyGreenDelight Certified Harvest)","Keep refrigerated in vegetable crisper / airtight mesh bag","[{""weight"":""250g Tray"",""price"":60,""stock"":50},{""weight"":""500g Family Tray"",""price"":111,""stock"":40},{""weight"":""1 kg Bulk Kitchen Pack"",""price"":210,""stock"":25}]"
"Chopped Fresh Lady Finger / Bhindi (250g)/500g","Ready-to-Cook & Cut Produce",60,77,"250gm",100,"https://dukaan.b-cdn.net/700x700/webp/media/d8ba0103-f01c-4c56-aa05-0945d1393b89.jpg","Introducing our Chopped Fresh Lady Finger (Bhindi) - a vibrant and versatile vegetable that brings both flavor and nutrition to your kitchen. Handpicked and skillfully chopped, our lady fingers retain their natural crunch and delightful taste, making them the perfect addition to your meals. Packed with essential vitamins and minerals, they are an easy and convenient way to elevate your dishes, whether you're whipping up a traditional curry or tossing them into a stir-fry. Enjoy the freshness and quality of our Bhindi, available in both 250g and 500g packs.- 🌿 Freshly chopped for your convenience - 🥗 Rich in vitamins A, C, and K - 🍽️ Perfect for curries, stir-fries, and salads - 🌱 Low in calories and high in fiber - 🛒 Available in 250g and 500g packs","Direct Bhopal Contract Farms & Karond Krishi Mandi (MyGreenDelight Certified Harvest)","Keep refrigerated in vegetable crisper / airtight mesh bag","[{""weight"":""250g Pack"",""price"":60,""stock"":50},{""weight"":""500g (Twin Pack)"",""price"":114,""stock"":40},{""weight"":""1 kg (Family Pack)"",""price"":222,""stock"":30}]"
"Ready-to-Cook Mixed Veg","Vegetables",60,77,"250gm",100,"https://dukaan.b-cdn.net/700x700/webp/media/bd425bfc-a9b0-43c9-a32b-48850d557cfb.jpg","Transform your mealtime experience with our Ready-to-Cook Mixed Veg, a delightful medley of fresh, pre-prepared vegetables that are perfect for busy individuals and families alike! Each pack is filled with a vibrant assortment of farm-fresh produce, hand-selected to ensure the highest quality and flavor. Whether you're whipping up a hearty stir-fry, a zesty salad, or a comforting soup, our mixed veg takes the hassle out of preparation while delivering essential nutrients to your table. Just heat, add your favorite seasonings, and savor the delicious taste of wholesome goodness!- 🌽 Freshly sourced vegetables for superior taste and quality- 🥦 Perfectly cut and ready to cook, saving you valuable prep time- 🌶️ Versatile addition to any meal, from stir-fries to stews- 🥕 Packed with vitamins and nutrients to fuel your day- 🥬 Convenient packaging for easy storage and quick accessBring the joy of home cooking back into your routine with our Ready-to-Cook Mixed Veg!","Direct Bhopal Contract Farms & Karond Krishi Mandi (MyGreenDelight Certified Harvest)","Keep refrigerated in vegetable crisper / airtight mesh bag","[{""weight"":""250g Pack"",""price"":60,""stock"":50},{""weight"":""500g (Twin Pack)"",""price"":114,""stock"":40},{""weight"":""1 kg (Family Pack)"",""price"":222,""stock"":30}]"
"Brinjal- big Purple/baigan -बैगन","Vegetables",66,84,"1kh",100,"https://dukaan.b-cdn.net/700x700/webp/media/ce549946-7ec1-4020-ad6e-8ace837c2734.png","bharta Brinjal- big Purple/baigan -बैगन","Direct Bhopal Contract Farms & Karond Krishi Mandi (MyGreenDelight Certified Harvest)","Keep refrigerated in vegetable crisper / airtight mesh bag","[{""weight"":""250g"",""price"":20,""stock"":50},{""weight"":""500g"",""price"":36,""stock"":60},{""weight"":""1 kg"",""price"":66,""stock"":80},{""weight"":""2 kg (Bulk Saver)"",""price"":125,""stock"":40},{""weight"":""5 kg (Society Sack)"",""price"":304,""stock"":25}]"
"Banana केला per kg","Fruits",52,67,"1kg",100,"https://dukaan.b-cdn.net/700x700/webp/media/3957f7d4-7330-4499-95e9-d68daf3df7f0.jpg","Farm-fresh Banana केला per kg. Harvested early morning from certified local contract farms, ozone-washed for 100% hygiene and pesticide residue removal, and delivered crisp and fresh within 45 minutes across Bhopal by MyGreenDelight.","Direct Bhopal Contract Farms & Karond Krishi Mandi (MyGreenDelight Certified Harvest)","Store in a cool dry fruit basket at room temperature","[{""weight"":""250g"",""price"":16,""stock"":50},{""weight"":""500g"",""price"":29,""stock"":60},{""weight"":""1 kg"",""price"":52,""stock"":80},{""weight"":""2 kg (Bulk Saver)"",""price"":99,""stock"":40},{""weight"":""5 kg (Society Sack)"",""price"":239,""stock"":25}]"
"Less Sugar potato 5kg","Vegetables",350,448,"1 kg",100,"https://dukaan.b-cdn.net/700x700/webp/media/fb2d7e8d-4057-47eb-a2e1-8d16b411fd22.jpg","Farm fresh Less Sugar potato 5kg sourced directly from verified farmers. Cleaned, sorted and hygienically packed for your kitchen.","Direct Bhopal Contract Farms & Karond Krishi Mandi (MyGreenDelight Certified Harvest)","Keep refrigerated in vegetable crisper / airtight mesh bag","[{""weight"":""250g"",""price"":105,""stock"":50},{""weight"":""500g"",""price"":193,""stock"":60},{""weight"":""1 kg"",""price"":350,""stock"":80},{""weight"":""2 kg (Bulk Saver)"",""price"":665,""stock"":40},{""weight"":""5 kg (Society Sack)"",""price"":1610,""stock"":25}]"
"Frozen Corn 🌽 American","Vegetables",110,141,"1 kg",100,"https://dukaan.b-cdn.net/700x700/webp/media/62b786ec-fd0b-487d-88db-5b0fed62a8e5.jpeg","Farm fresh Frozen Corn 🌽 American sourced directly from verified farmers. Cleaned, sorted and hygienically packed for your kitchen.","Direct Bhopal Contract Farms & Karond Krishi Mandi (MyGreenDelight Certified Harvest)","Keep refrigerated in vegetable crisper / airtight mesh bag","[{""weight"":""250g"",""price"":33,""stock"":50},{""weight"":""500g"",""price"":61,""stock"":60},{""weight"":""1 kg"",""price"":110,""stock"":80},{""weight"":""2 kg (Bulk Saver)"",""price"":209,""stock"":40},{""weight"":""5 kg (Society Sack)"",""price"":506,""stock"":25}]"
"Banana Crates केले के क्रेट","Fruits",220,282,"1 kg",100,"https://dukaan.b-cdn.net/700x700/webp/images/84e102a6-29cc-4df2-90a4-8439c1df969b.jpg","wholesale sale rate par karod mandi se kam se kam 50 rs kam me aoke outlet par deliver","Direct Bhopal Contract Farms & Karond Krishi Mandi (MyGreenDelight Certified Harvest)","Store in a cool dry fruit basket at room temperature","[{""weight"":""250g"",""price"":66,""stock"":50},{""weight"":""500g"",""price"":121,""stock"":60},{""weight"":""1 kg"",""price"":220,""stock"":80},{""weight"":""2 kg (Bulk Saver)"",""price"":418,""stock"":40},{""weight"":""5 kg (Society Sack)"",""price"":1012,""stock"":25}]"
"Safal Matar","Vegetables",135,173,"1 kg",100,"https://dukaan.b-cdn.net/700x700/webp/media/779f61ce-6eb8-4228-a2c5-208db77bf0ce.jpg","Farm fresh Safal Matar sourced directly from verified farmers. Cleaned, sorted and hygienically packed for your kitchen.","Direct Bhopal Contract Farms & Karond Krishi Mandi (MyGreenDelight Certified Harvest)","Keep refrigerated in vegetable crisper / airtight mesh bag","[{""weight"":""250g"",""price"":41,""stock"":50},{""weight"":""500g"",""price"":74,""stock"":60},{""weight"":""1 kg"",""price"":135,""stock"":80},{""weight"":""2 kg (Bulk Saver)"",""price"":257,""stock"":40},{""weight"":""5 kg (Society Sack)"",""price"":621,""stock"":25}]"
"Papaya salad","Fruits",70,90,"1 kg",100,"https://dukaan.b-cdn.net/700x700/webp/media/204738ad-3c78-4e92-9f39-b46793218c2b.webp","Indulge in the vibrant and refreshing flavors of our Papaya Salad, a delightful dish that brings the essence of Southeast Asian cuisine to your table. Crafted from the freshest green papaya, this salad bursts with zesty lime, tangy fish sauce, and a touch of heat from fresh chilies. It's not just a meal; it's a symphony of crunch and flavor that awakens your taste buds with every bite. Enjoy it as a standalone dish or as a perfect side that complements any Asian-inspired feast.-","Direct Bhopal Contract Farms & Karond Krishi Mandi (MyGreenDelight Certified Harvest)","Store in a cool dry fruit basket at room temperature","[{""weight"":""250g"",""price"":21,""stock"":50},{""weight"":""500g"",""price"":39,""stock"":60},{""weight"":""1 kg"",""price"":70,""stock"":80},{""weight"":""2 kg (Bulk Saver)"",""price"":133,""stock"":40},{""weight"":""5 kg (Society Sack)"",""price"":322,""stock"":25}]"
"Pineapples salad","Fruits",80,102,"1 kg",100,"https://dukaan.b-cdn.net/700x700/webp/media/38efd8a9-4cf5-4bbc-ae27-e9e1f547e3b3.png","Farm fresh Pineapples salad sourced directly from verified farmers. Cleaned, sorted and hygienically packed for your kitchen.","Direct Bhopal Contract Farms & Karond Krishi Mandi (MyGreenDelight Certified Harvest)","Store in a cool dry fruit basket at room temperature","[{""weight"":""250g"",""price"":24,""stock"":50},{""weight"":""500g"",""price"":44,""stock"":60},{""weight"":""1 kg"",""price"":80,""stock"":80},{""weight"":""2 kg (Bulk Saver)"",""price"":152,""stock"":40},{""weight"":""5 kg (Society Sack)"",""price"":368,""stock"":25}]"
"Garlic Peeled","Ready-to-Cook & Cut Produce",55,70,"100gm",100,"https://dukaan.b-cdn.net/700x700/webp/media/d1b57ac9-8c26-416b-8a16-4dfe692e8c9f.jpg","Unlock the convenience of cooking with our premium Garlic Peeled product! Sourced from the finest farms, our peeled garlic cloves save you valuable prep time without sacrificing flavor. Whether you're whipping up a quick stir-fry, adding depth to soups, or enhancing marinades, these fresh cloves deliver a robust and aromatic garlic taste that elevates any dish. Enjoy the health benefits of garlic without the hassle of peeling - a kitchen essential for every home chef!- 🧄 Freshly peeled for your convenience - ⏱️ Time-saving prep for instant flavor boost - 🌱 Naturally rich in antioxidants and heart-healthy benefits - 🍽️ Perfect for a variety of dishes, from savory to sweet!","Direct Bhopal Contract Farms & Karond Krishi Mandi (MyGreenDelight Certified Harvest)","Keep refrigerated in vegetable crisper / airtight mesh bag","[{""weight"":""100g Pack"",""price"":55,""stock"":50},{""weight"":""200g (Twin Pack)"",""price"":105,""stock"":40},{""weight"":""500g (Chef Pack)"",""price"":248,""stock"":25}]"
"Peanut pealed","Vegetables",160,205,"1 kg",100,"https://dukaan.b-cdn.net/700x700/webp/images/3cf370d8-8982-4187-a3c6-6f253c8d713d.jpg","Farm fresh Peanut pealed sourced directly from verified farmers. Cleaned, sorted and hygienically packed for your kitchen.","Direct Bhopal Contract Farms & Karond Krishi Mandi (MyGreenDelight Certified Harvest)","Keep refrigerated in vegetable crisper / airtight mesh bag","[{""weight"":""250g"",""price"":48,""stock"":50},{""weight"":""500g"",""price"":88,""stock"":60},{""weight"":""1 kg"",""price"":160,""stock"":80},{""weight"":""2 kg (Bulk Saver)"",""price"":304,""stock"":40},{""weight"":""5 kg (Society Sack)"",""price"":736,""stock"":25}]"
"Munakka","Vegetables",100,128,"1 kg",100,"https://dukaan.b-cdn.net/700x700/webp/projecteagle/images/b671fb62-5abc-4c35-813e-52e3e6028937.jpg","Farm fresh Munakka sourced directly from verified farmers. Cleaned, sorted and hygienically packed for your kitchen.","Direct Bhopal Contract Farms & Karond Krishi Mandi (MyGreenDelight Certified Harvest)","Keep refrigerated in vegetable crisper / airtight mesh bag","[{""weight"":""250g"",""price"":30,""stock"":50},{""weight"":""500g"",""price"":55,""stock"":60},{""weight"":""1 kg"",""price"":100,""stock"":80},{""weight"":""2 kg (Bulk Saver)"",""price"":190,""stock"":40},{""weight"":""5 kg (Society Sack)"",""price"":460,""stock"":25}]"
"Kismis","Vegetables",350,448,"1 kg",100,"https://dukaan.b-cdn.net/700x700/webp/projecteagle/images/403bf6b5-6350-427a-867e-c9ed12cb418d.jpg","Farm fresh Kismis sourced directly from verified farmers. Cleaned, sorted and hygienically packed for your kitchen.","Direct Bhopal Contract Farms & Karond Krishi Mandi (MyGreenDelight Certified Harvest)","Keep refrigerated in vegetable crisper / airtight mesh bag","[{""weight"":""250g"",""price"":105,""stock"":50},{""weight"":""500g"",""price"":193,""stock"":60},{""weight"":""1 kg"",""price"":350,""stock"":80},{""weight"":""2 kg (Bulk Saver)"",""price"":665,""stock"":40},{""weight"":""5 kg (Society Sack)"",""price"":1610,""stock"":25}]"
"Walnut","Dairy & Staples",320,410,"250g Pack",100,"https://dukaan.b-cdn.net/700x700/webp/projecteagle/images/65eff6a3-6b64-4f3d-9c2d-721f4b1d082b.jpg","Farm fresh Walnut sourced directly from verified farmers. Cleaned, sorted and hygienically packed for your kitchen.","Direct Bhopal Contract Farms & Karond Krishi Mandi (MyGreenDelight Certified Harvest)","Store in cool dry place or refrigerate dairy items below 4°C","[{""weight"":""250g Pack"",""price"":320,""stock"":50},{""weight"":""500g (Twin Pack)"",""price"":608,""stock"":40},{""weight"":""1 kg (Family Pack)"",""price"":1184,""stock"":30}]"
"Anjeer","Vegetables",300,384,"1 kg",100,"https://dukaan.b-cdn.net/700x700/webp/projecteagle/images/0ac80581-698d-4889-b006-dd8b8d46c40d.jpg","Farm fresh Anjeer sourced directly from verified farmers. Cleaned, sorted and hygienically packed for your kitchen.","Direct Bhopal Contract Farms & Karond Krishi Mandi (MyGreenDelight Certified Harvest)","Keep refrigerated in vegetable crisper / airtight mesh bag","[{""weight"":""250g"",""price"":90,""stock"":50},{""weight"":""500g"",""price"":165,""stock"":60},{""weight"":""1 kg"",""price"":300,""stock"":80},{""weight"":""2 kg (Bulk Saver)"",""price"":570,""stock"":40},{""weight"":""5 kg (Society Sack)"",""price"":1380,""stock"":25}]"
"Primium Fruits And Dry Fruits Bucket","Dairy & Staples",220,282,"1 kg",100,"https://dukaan.b-cdn.net/700x700/webp/media/6e0a6ea2-ae75-47fb-8bc8-0fab6e4d427c.webp","including fruits, imported fruits and Dry fruits in a wonderful package.","Direct Bhopal Contract Farms & Karond Krishi Mandi (MyGreenDelight Certified Harvest)","Store in a cool dry fruit basket at room temperature","[{""weight"":""250g"",""price"":66,""stock"":50},{""weight"":""500g"",""price"":121,""stock"":60},{""weight"":""1 kg"",""price"":220,""stock"":80},{""weight"":""2 kg (Bulk Saver)"",""price"":418,""stock"":40},{""weight"":""5 kg (Society Sack)"",""price"":1012,""stock"":25}]"
"Blueberry (ब्लूबेरी)","Fruits",235,301,"1 kg",100,"https://cdn.shopify.com/s/files/1/0551/4133/5088/products/Blueberry.jpg?v=1646281692","100% farm-fresh Blueberry (ब्लूबेरी) sourced daily from trusted local Bhopal & MP farmers. Graded for premium quality, crisp texture, and natural freshness.","Direct Bhopal Contract Farms & Karond Krishi Mandi (MyGreenDelight Certified Harvest)","Keep refrigerated in vegetable crisper / airtight mesh bag","[{""weight"":""250g"",""price"":71,""stock"":50},{""weight"":""500g"",""price"":129,""stock"":60},{""weight"":""1 kg"",""price"":235,""stock"":80},{""weight"":""2 kg (Bulk Saver)"",""price"":447,""stock"":40},{""weight"":""5 kg (Society Sack)"",""price"":1081,""stock"":25}]"
"Dates packet 500gm","Fruits",250,320,"1 kg",100,"https://dukaan.b-cdn.net/700x700/webp/media/07944c68-820c-41b8-87a2-8a46bdb28692.jpg","Farm fresh Dates packet 500gm sourced directly from verified farmers. Cleaned, sorted and hygienically packed for your kitchen.","Direct Bhopal Contract Farms & Karond Krishi Mandi (MyGreenDelight Certified Harvest)","Store in a cool dry fruit basket at room temperature","[{""weight"":""250g"",""price"":75,""stock"":50},{""weight"":""500g"",""price"":138,""stock"":60},{""weight"":""1 kg"",""price"":250,""stock"":80},{""weight"":""2 kg (Bulk Saver)"",""price"":475,""stock"":40},{""weight"":""5 kg (Society Sack)"",""price"":1150,""stock"":25}]"
"Kaju","Dairy & Staples",280,358,"250g Pack",100,"https://dukaan.b-cdn.net/700x700/webp/projecteagle/images/9a26821e-5dc2-4f30-ab3c-b7ab8b4cba81.jpg","Farm fresh Kaju sourced directly from verified farmers. Cleaned, sorted and hygienically packed for your kitchen.","Direct Bhopal Contract Farms & Karond Krishi Mandi (MyGreenDelight Certified Harvest)","Store in cool dry place or refrigerate dairy items below 4°C","[{""weight"":""250g Pack"",""price"":280,""stock"":50},{""weight"":""500g (Twin Pack)"",""price"":532,""stock"":40},{""weight"":""1 kg (Family Pack)"",""price"":1036,""stock"":30}]"
"Badam","Dairy & Staples",260,333,"250g Pack",100,"https://dukaan.b-cdn.net/700x700/webp/projecteagle/images/d32c4e54-ef0d-4297-87a4-12f52d92d826.jpg","Farm-fresh Badam. Harvested early morning from certified local contract farms, ozone-washed for 100% hygiene and pesticide residue removal, and delivered crisp and fresh within 45 minutes across Bhopal by MyGreenDelight.","Direct Bhopal Contract Farms & Karond Krishi Mandi (MyGreenDelight Certified Harvest)","Store in cool dry place or refrigerate dairy items below 4°C","[{""weight"":""250g Pack"",""price"":260,""stock"":50},{""weight"":""500g (Twin Pack)"",""price"":494,""stock"":40},{""weight"":""1 kg (Family Pack)"",""price"":962,""stock"":30}]"
"Corriander / धनिया","Vegetables",25,32,"1 kg",100,"https://dukaan.b-cdn.net/700x700/webp/media/fdc7350b-60c0-41e5-ab3e-571c0b822870.jpg","Farm fresh Corriander / धनिया sourced directly from verified farmers. Cleaned, sorted and hygienically packed for your kitchen.","Direct Bhopal Contract Farms & Karond Krishi Mandi (MyGreenDelight Certified Harvest)","Keep refrigerated in vegetable crisper / airtight mesh bag","[{""weight"":""250g"",""price"":10,""stock"":50},{""weight"":""500g"",""price"":15,""stock"":60},{""weight"":""1 kg"",""price"":25,""stock"":80},{""weight"":""2 kg (Bulk Saver)"",""price"":48,""stock"":40},{""weight"":""5 kg (Society Sack)"",""price"":115,""stock"":25}]"
"Vegitable Mix Juice","Vegetables",80,102,"250ml",100,"https://dukaan.b-cdn.net/700x700/webp/media/394ea987-b883-4f63-a8ae-d0a7dcc1f92d.png","Introducing our delightful Vegetable Mix Juice – a vibrant blend of the freshest vegetables, expertly crafted to provide a nutritious and refreshing experience in every sip! Packed with a burst of flavors, this juice harnesses the power of nature’s bounty to fuel your body while tantalizing your taste buds. Whether you’re looking to enhance your daily vegetable intake or searching for a refreshing beverage option, our Vegetable Mix Juice is the perfect addition to your health-conscious lifestyle.- 🌽 Made with a unique blend of farm-fresh vegetables for maximum taste and nutrition - 🥕 Rich in vitamins and minerals, supporting your immune system and overall well-being - 🍅 No added sugars or preservatives, ensuring a pure and wholesome experience - 🥬 Conveniently packaged for on-the-go enjoyment, perfect for busy lifestyles - 🥒 A refreshing drink that makes it easy to incorporate more vegetables into your diet! Enjoy the goodness of nature in every bottle with our Vegetable Mix Juice – your health and taste buds will thank you!","Direct Bhopal Contract Farms & Karond Krishi Mandi (MyGreenDelight Certified Harvest)","Keep refrigerated in vegetable crisper / airtight mesh bag","[{""weight"":""250g"",""price"":24,""stock"":50},{""weight"":""500g"",""price"":44,""stock"":60},{""weight"":""1 kg"",""price"":80,""stock"":80},{""weight"":""2 kg (Bulk Saver)"",""price"":152,""stock"":40},{""weight"":""5 kg (Society Sack)"",""price"":368,""stock"":25}]"
"Tulsi- plant","Vegetables",121,155,"1 kg",100,"https://dukaan.b-cdn.net/700x700/webp/media/8dda4321-436a-467e-80e7-cf8a8da8f41b.webp","Organic plants Direct from Nursery","Direct Bhopal Contract Farms & Karond Krishi Mandi (MyGreenDelight Certified Harvest)","Keep refrigerated in vegetable crisper / airtight mesh bag","[{""weight"":""250g"",""price"":36,""stock"":50},{""weight"":""500g"",""price"":67,""stock"":60},{""weight"":""1 kg"",""price"":121,""stock"":80},{""weight"":""2 kg (Bulk Saver)"",""price"":230,""stock"":40},{""weight"":""5 kg (Society Sack)"",""price"":557,""stock"":25}]"
"Fruits Basket / फलों की टोकरी उपहार falo ki tokri","Fruits",399,511,"small",100,"https://dukaan.b-cdn.net/700x700/webp/media/d3de7381-f15d-4f62-b60e-948acbeb542e.webp","fruit basket with gift package for festivals, engagement, marriage, Shagun","Direct Bhopal Contract Farms & Karond Krishi Mandi (MyGreenDelight Certified Harvest)","Store in a cool dry fruit basket at room temperature","[{""weight"":""250g"",""price"":120,""stock"":50},{""weight"":""500g"",""price"":219,""stock"":60},{""weight"":""1 kg"",""price"":399,""stock"":80},{""weight"":""2 kg (Bulk Saver)"",""price"":758,""stock"":40},{""weight"":""5 kg (Society Sack)"",""price"":1835,""stock"":25}]"
"Imported Fruit With Avocado Salad","Exotics",250,320,"1 kg",100,"https://dukaan.b-cdn.net/700x700/webp/upload_file_service/c045f7aa-ef0c-4d8d-afdb-f62dda8d3527/1667363571802-jpeg","All Imported fruits including Avocado","Direct Bhopal Contract Farms & Karond Krishi Mandi (MyGreenDelight Certified Harvest)","Store in a cool dry fruit basket at room temperature","[{""weight"":""250g Pack"",""price"":75,""stock"":40},{""weight"":""500g Pack"",""price"":138,""stock"":50},{""weight"":""1 kg Pack"",""price"":250,""stock"":60}]"
"Imported Fruits Salad","Fruits",160,205,"1 kg",100,"https://dukaan.b-cdn.net/700x700/webp/upload_file_service/1349404d-d83b-4b3d-a09f-5ccb8ef4fbb4/1667446710307-jpeg","All important Fruits without Avocado","Direct Bhopal Contract Farms & Karond Krishi Mandi (MyGreenDelight Certified Harvest)","Store in a cool dry fruit basket at room temperature","[{""weight"":""250g Pack"",""price"":48,""stock"":40},{""weight"":""500g Pack"",""price"":88,""stock"":50},{""weight"":""1 kg Pack"",""price"":160,""stock"":60}]"
"Mix Fruit Salad","Fruits",120,154,"1 kg",100,"https://dukaan.b-cdn.net/700x700/webp/upload_file_service/2850f5b5-4f70-4b18-8b3f-eeccf17692ea/1667363455362-jpeg","Fresh fruits fruits salad pripared after order, so it fresh and contains all vitamin of fruits","Direct Bhopal Contract Farms & Karond Krishi Mandi (MyGreenDelight Certified Harvest)","Store in a cool dry fruit basket at room temperature","[{""weight"":""250g"",""price"":36,""stock"":50},{""weight"":""500g"",""price"":66,""stock"":60},{""weight"":""1 kg"",""price"":120,""stock"":80},{""weight"":""2 kg (Bulk Saver)"",""price"":228,""stock"":40},{""weight"":""5 kg (Society Sack)"",""price"":552,""stock"":25}]"
"Sprouts","Vegetables",50,64,"small",100,"https://dukaan.b-cdn.net/700x700/webp/upload_file_service/507fefab-162c-4582-9be3-bb37e8a4f1d3/1667362762902-jpeg","Farm-fresh Sprouts. Harvested early morning from certified local contract farms, ozone-washed for 100% hygiene and pesticide residue removal, and delivered crisp and fresh within 45 minutes across Bhopal by MyGreenDelight.","Direct Bhopal Contract Farms & Karond Krishi Mandi (MyGreenDelight Certified Harvest)","Keep refrigerated in vegetable crisper / airtight mesh bag","[{""weight"":""250g"",""price"":15,""stock"":50},{""weight"":""500g"",""price"":28,""stock"":60},{""weight"":""1 kg"",""price"":50,""stock"":80},{""weight"":""2 kg (Bulk Saver)"",""price"":95,""stock"":40},{""weight"":""5 kg (Society Sack)"",""price"":230,""stock"":25}]"
"Havan Samagri/हवन सामग्री","Vegetables",121,155,"1 kg",100,"https://dukaan.b-cdn.net/700x700/webp/upload_file_service/b451a19f-29a9-427e-9669-8c3d6e2ee849/1665590787994.jpeg","Farm fresh Havan Samagri/हवन सामग्री sourced directly from verified farmers. Cleaned, sorted and hygienically packed for your kitchen.","Direct Bhopal Contract Farms & Karond Krishi Mandi (MyGreenDelight Certified Harvest)","Keep refrigerated in vegetable crisper / airtight mesh bag","[{""weight"":""250g"",""price"":36,""stock"":50},{""weight"":""500g"",""price"":67,""stock"":60},{""weight"":""1 kg"",""price"":121,""stock"":80},{""weight"":""2 kg (Bulk Saver)"",""price"":230,""stock"":40},{""weight"":""5 kg (Society Sack)"",""price"":557,""stock"":25}]"
"Mala Artificial","Vegetables",80,102,"1 kg",100,"https://dukaan.b-cdn.net/700x700/webp/upload_file_service/3f227f05-c58b-4566-9174-288e3850efcf/1665590075464.jpeg","Farm fresh Mala Artificial sourced directly from verified farmers. Cleaned, sorted and hygienically packed for your kitchen.","Direct Bhopal Contract Farms & Karond Krishi Mandi (MyGreenDelight Certified Harvest)","Keep refrigerated in vegetable crisper / airtight mesh bag","[{""weight"":""250g"",""price"":24,""stock"":50},{""weight"":""500g"",""price"":44,""stock"":60},{""weight"":""1 kg"",""price"":80,""stock"":80},{""weight"":""2 kg (Bulk Saver)"",""price"":152,""stock"":40},{""weight"":""5 kg (Society Sack)"",""price"":368,""stock"":25}]"
"गेंदा फूल माला प्राकृतिक /genda Flower Mala natural","Vegetables",50,64,"2 feet",100,"https://dukaan.b-cdn.net/700x700/webp/upload_file_service/6a6eaef3-0e68-4743-a9d0-816c2a1398d4/1665552814185.jpeg","Farm-fresh गेंदा फूल माला प्राकृतिक /genda Flower Mala natural. Harvested early morning from certified local contract farms, ozone-washed for 100% hygiene and pesticide residue removal, and delivered crisp and fresh within 45 minutes across Bhopal by MyGreenDelight.","Direct Bhopal Contract Farms & Karond Krishi Mandi (MyGreenDelight Certified Harvest)","Keep refrigerated in vegetable crisper / airtight mesh bag","[{""weight"":""250g"",""price"":15,""stock"":50},{""weight"":""500g"",""price"":28,""stock"":60},{""weight"":""1 kg"",""price"":50,""stock"":80},{""weight"":""2 kg (Bulk Saver)"",""price"":95,""stock"":40},{""weight"":""5 kg (Society Sack)"",""price"":230,""stock"":25}]"
"Mango Leaves Toran/आम के पत्ते से बने तोरण","Fruits",50,64,"1 kg",100,"https://dukaan.b-cdn.net/700x700/webp/upload_file_service/8d603339-f5f8-4f08-a91b-bc7ceb8df320/1665552230201.jpeg","Farm-fresh Mango Leaves Toran/आम के पत्ते से बने तोरण. Harvested early morning from certified local contract farms, ozone-washed for 100% hygiene and pesticide residue removal, and delivered crisp and fresh within 45 minutes across Bhopal by MyGreenDelight.","Direct Bhopal Contract Farms & Karond Krishi Mandi (MyGreenDelight Certified Harvest)","Store in a cool dry fruit basket at room temperature","[{""weight"":""250g"",""price"":15,""stock"":50},{""weight"":""500g"",""price"":28,""stock"":60},{""weight"":""1 kg"",""price"":50,""stock"":80},{""weight"":""2 kg (Bulk Saver)"",""price"":95,""stock"":40},{""weight"":""5 kg (Society Sack)"",""price"":230,""stock"":25}]"
"Cow Dug Dry /गाय के गोबर के उपले","Vegetables",330,422,"11",100,"https://dukaan.b-cdn.net/700x700/webp/upload_file_service/c0d5551f-def6-42b2-b93c-2039bcb67ea6/1665551797380.jpeg","Farm fresh Cow Dug Dry /गाय के गोबर के उपले sourced directly from verified farmers. Cleaned, sorted and hygienically packed for your kitchen.","Direct Bhopal Contract Farms & Karond Krishi Mandi (MyGreenDelight Certified Harvest)","Keep refrigerated in vegetable crisper / airtight mesh bag","[{""weight"":""250g"",""price"":99,""stock"":50},{""weight"":""500g"",""price"":182,""stock"":60},{""weight"":""1 kg"",""price"":330,""stock"":80},{""weight"":""2 kg (Bulk Saver)"",""price"":627,""stock"":40},{""weight"":""5 kg (Society Sack)"",""price"":1518,""stock"":25}]"
"Vegetables mix juice","Vegetables",80,102,"250ml",100,"https://dukaan.b-cdn.net/700x700/webp/images/e6fe9e48-5694-407a-8ca1-a12d90fda55a.jpg","Contact us for details","Direct Bhopal Contract Farms & Karond Krishi Mandi (MyGreenDelight Certified Harvest)","Keep refrigerated in vegetable crisper / airtight mesh bag","[{""weight"":""250g"",""price"":24,""stock"":50},{""weight"":""500g"",""price"":44,""stock"":60},{""weight"":""1 kg"",""price"":80,""stock"":80},{""weight"":""2 kg (Bulk Saver)"",""price"":152,""stock"":40},{""weight"":""5 kg (Society Sack)"",""price"":368,""stock"":25}]"
"Dates khajoor","Fruits",250,320,"1 kg",100,"https://dukaan.b-cdn.net/700x700/webp/media/7282d97b-5687-46e9-8e32-4a750867a9ce.jpg","Farm fresh Dates khajoor sourced directly from verified farmers. Cleaned, sorted and hygienically packed for your kitchen.","Direct Bhopal Contract Farms & Karond Krishi Mandi (MyGreenDelight Certified Harvest)","Store in a cool dry fruit basket at room temperature","[{""weight"":""250g"",""price"":75,""stock"":50},{""weight"":""500g"",""price"":138,""stock"":60},{""weight"":""1 kg"",""price"":250,""stock"":80},{""weight"":""2 kg (Bulk Saver)"",""price"":475,""stock"":40},{""weight"":""5 kg (Society Sack)"",""price"":1150,""stock"":25}]"
"Temarind इमली","Vegetables",160,205,"1 kg",100,"https://dukaan.b-cdn.net/700x700/webp/media/a3f73256-90f9-409a-85c8-0bb8413c7042.jpg","Farm fresh Temarind इमली sourced directly from verified farmers. Cleaned, sorted and hygienically packed for your kitchen.","Direct Bhopal Contract Farms & Karond Krishi Mandi (MyGreenDelight Certified Harvest)","Keep refrigerated in vegetable crisper / airtight mesh bag","[{""weight"":""250g"",""price"":48,""stock"":50},{""weight"":""500g"",""price"":88,""stock"":60},{""weight"":""1 kg"",""price"":160,""stock"":80},{""weight"":""2 kg (Bulk Saver)"",""price"":304,""stock"":40},{""weight"":""5 kg (Society Sack)"",""price"":736,""stock"":25}]"
"Ginger /Adrak अदरक","Vegetables",80,102,"500gm",100,"https://dukaan.b-cdn.net/700x700/webp/master/products/product__d520075d-10e8-4067-b01f-442727850d27.jpg","Farm fresh Ginger /Adrak अदरक sourced directly from verified farmers. Cleaned, sorted and hygienically packed for your kitchen.","Direct Bhopal Contract Farms & Karond Krishi Mandi (MyGreenDelight Certified Harvest)","Keep refrigerated in vegetable crisper / airtight mesh bag","[{""weight"":""250g"",""price"":24,""stock"":50},{""weight"":""500g"",""price"":44,""stock"":60},{""weight"":""1 kg"",""price"":80,""stock"":80},{""weight"":""2 kg (Bulk Saver)"",""price"":152,""stock"":40},{""weight"":""5 kg (Society Sack)"",""price"":368,""stock"":25}]"
"Bottle Gourd /Lokee -लौकी","Vegetables",35,45,"1 pice",100,"https://dukaan.b-cdn.net/700x700/webp/master/products/product__2c98f4b1-6663-4bc5-9168-e8c16f19b04c.jpg","Weight around 400 gm to 600gm","Direct Bhopal Contract Farms & Karond Krishi Mandi (MyGreenDelight Certified Harvest)","Keep refrigerated in vegetable crisper / airtight mesh bag","[{""weight"":""250g"",""price"":11,""stock"":50},{""weight"":""500g"",""price"":19,""stock"":60},{""weight"":""1 kg"",""price"":35,""stock"":80},{""weight"":""2 kg (Bulk Saver)"",""price"":67,""stock"":40},{""weight"":""5 kg (Society Sack)"",""price"":161,""stock"":25}]"
"Sponge Gourd /Gilki - गिल्की","Vegetables",30,38,"500gm",100,"https://dukaan.b-cdn.net/700x700/webp/master/products/sponge-gourd.png","Farm fresh Sponge Gourd /Gilki - गिल्की sourced directly from verified farmers. Cleaned, sorted and hygienically packed for your kitchen.","Direct Bhopal Contract Farms & Karond Krishi Mandi (MyGreenDelight Certified Harvest)","Keep refrigerated in vegetable crisper / airtight mesh bag","[{""weight"":""250g"",""price"":10,""stock"":50},{""weight"":""500g"",""price"":17,""stock"":60},{""weight"":""1 kg"",""price"":30,""stock"":80},{""weight"":""2 kg (Bulk Saver)"",""price"":57,""stock"":40},{""weight"":""5 kg (Society Sack)"",""price"":138,""stock"":25}]"
"Potato/Aaloo -आल���","Vegetables",20,26,"1kg",100,"https://dukaan.b-cdn.net/700x700/webp/master/products/potato.png","Farm fresh Potato/Aaloo -आल��� sourced directly from verified farmers. Cleaned, sorted and hygienically packed for your kitchen.","Direct Bhopal Contract Farms & Karond Krishi Mandi (MyGreenDelight Certified Harvest)","Keep refrigerated in vegetable crisper / airtight mesh bag","[{""weight"":""250g"",""price"":10,""stock"":50},{""weight"":""500g"",""price"":15,""stock"":60},{""weight"":""1 kg"",""price"":20,""stock"":80},{""weight"":""2 kg (Bulk Saver)"",""price"":38,""stock"":40},{""weight"":""5 kg (Society Sack)"",""price"":92,""stock"":25}]"
"Capsicum/shimala mirch - शिमला मिर्च","Vegetables",60,77,"500gm",100,"https://dukaan.b-cdn.net/700x700/webp/master/products/capsicum.png","Farm fresh Capsicum/shimala mirch - शिमला मिर्च sourced directly from verified farmers. Cleaned, sorted and hygienically packed for your kitchen.","Direct Bhopal Contract Farms & Karond Krishi Mandi (MyGreenDelight Certified Harvest)","Keep refrigerated in vegetable crisper / airtight mesh bag","[{""weight"":""250g"",""price"":18,""stock"":50},{""weight"":""500g"",""price"":33,""stock"":60},{""weight"":""1 kg"",""price"":60,""stock"":80},{""weight"":""2 kg (Bulk Saver)"",""price"":114,""stock"":40},{""weight"":""5 kg (Society Sack)"",""price"":276,""stock"":25}]"
"Zucchini Yellow/तोरी पीला Toree Peela","Exotics",90,115,"250gm",100,"https://dukaan.b-cdn.net/700x700/webp/master/products/zucchini-yellow.png","Farm fresh Zucchini Yellow/तोरी पीला Toree Peela sourced directly from verified farmers. Cleaned, sorted and hygienically packed for your kitchen.","Direct Bhopal Contract Farms & Karond Krishi Mandi (MyGreenDelight Certified Harvest)","Store in a cool dry fruit basket at room temperature","[{""weight"":""250g Pack"",""price"":90,""stock"":50},{""weight"":""500g (Twin Pack)"",""price"":171,""stock"":40},{""weight"":""1 kg (Family Pack)"",""price"":333,""stock"":30}]"
"Tomato Hybrid/tamaatar -टमाटर","Vegetables",25,32,"500gm",100,"https://dukaan.b-cdn.net/700x700/webp/master/products/product__123cd1df-8c0f-4d1d-b33a-6d6094f8444e.jpg","Farm fresh Tomato Hybrid/tamaatar -टमाटर sourced directly from verified farmers. Cleaned, sorted and hygienically packed for your kitchen.","Direct Bhopal Contract Farms & Karond Krishi Mandi (MyGreenDelight Certified Harvest)","Keep refrigerated in vegetable crisper / airtight mesh bag","[{""weight"":""250g"",""price"":10,""stock"":50},{""weight"":""500g"",""price"":15,""stock"":60},{""weight"":""1 kg"",""price"":25,""stock"":80},{""weight"":""2 kg (Bulk Saver)"",""price"":48,""stock"":40},{""weight"":""5 kg (Society Sack)"",""price"":115,""stock"":25}]"
"Mushroom Packet/मशरूम पैकेट","Exotics",70,90,"1 kg",100,"https://dukaan.b-cdn.net/700x700/webp/master/products/mushroom-packet.jpg","Farm fresh Mushroom Packet/मशरूम पैकेट sourced directly from verified farmers. Cleaned, sorted and hygienically packed for your kitchen.","Direct Bhopal Contract Farms & Karond Krishi Mandi (MyGreenDelight Certified Harvest)","Store in a cool dry fruit basket at room temperature","[{""weight"":""250g Pack"",""price"":21,""stock"":40},{""weight"":""500g Pack"",""price"":39,""stock"":50},{""weight"":""1 kg Pack"",""price"":70,""stock"":60}]"
"Apple/सेब Seb","Fruits",199,255,"1 kg",100,"https://dukaan.b-cdn.net/700x700/webp/master/products/apple-fuji.jpg","Farm fresh Apple/सेब Seb sourced directly from verified farmers. Cleaned, sorted and hygienically packed for your kitchen.","Direct Bhopal Contract Farms & Karond Krishi Mandi (MyGreenDelight Certified Harvest)","Store in a cool dry fruit basket at room temperature","[{""weight"":""250g"",""price"":60,""stock"":50},{""weight"":""500g"",""price"":109,""stock"":60},{""weight"":""1 kg"",""price"":199,""stock"":80},{""weight"":""2 kg (Bulk Saver)"",""price"":378,""stock"":40},{""weight"":""5 kg (Society Sack)"",""price"":915,""stock"":25}]"
"Apple Green/हरा सेब Hara Seb","Fruits",350,448,"1 kg",100,"https://dukaan.b-cdn.net/700x700/webp/master/products/product__b9803c39-ffba-455b-b7f2-8077aafd7144.jpg","Farm fresh Apple Green/हरा सेब Hara Seb sourced directly from verified farmers. Cleaned, sorted and hygienically packed for your kitchen.","Direct Bhopal Contract Farms & Karond Krishi Mandi (MyGreenDelight Certified Harvest)","Store in a cool dry fruit basket at room temperature","[{""weight"":""250g"",""price"":105,""stock"":50},{""weight"":""500g"",""price"":193,""stock"":60},{""weight"":""1 kg"",""price"":350,""stock"":80},{""weight"":""2 kg (Bulk Saver)"",""price"":665,""stock"":40},{""weight"":""5 kg (Society Sack)"",""price"":1610,""stock"":25}]"
"Cauliflower With Leaf/Ful Gobhee -फूल गोभी","Vegetables",90,115,"1 kg",100,"https://dukaan.b-cdn.net/700x700/webp/master/products/product__55208a36-a091-4b53-ac2a-88ad0b61e231.jpg","Weight around 400 to 600gm","Direct Bhopal Contract Farms & Karond Krishi Mandi (MyGreenDelight Certified Harvest)","Keep refrigerated in vegetable crisper / airtight mesh bag","[{""weight"":""250g"",""price"":27,""stock"":50},{""weight"":""500g"",""price"":50,""stock"":60},{""weight"":""1 kg"",""price"":90,""stock"":80},{""weight"":""2 kg (Bulk Saver)"",""price"":171,""stock"":40},{""weight"":""5 kg (Society Sack)"",""price"":414,""stock"":25}]"
"ice burg - /गोभी - चीनी gobhee","Vegetables",100,128,"1",100,"https://dukaan.b-cdn.net/700x700/webp/media/31737f50-17c8-421b-83ce-293e78aca3bb.jpg","Farm fresh ice burg - /गोभी - चीनी gobhee sourced directly from verified farmers. Cleaned, sorted and hygienically packed for your kitchen.","Direct Bhopal Contract Farms & Karond Krishi Mandi (MyGreenDelight Certified Harvest)","Keep refrigerated in vegetable crisper / airtight mesh bag","[{""weight"":""250g"",""price"":30,""stock"":50},{""weight"":""500g"",""price"":55,""stock"":60},{""weight"":""1 kg"",""price"":100,""stock"":80},{""weight"":""2 kg (Bulk Saver)"",""price"":190,""stock"":40},{""weight"":""5 kg (Society Sack)"",""price"":460,""stock"":25}]"
"Beans French/Sem ki fali -सेम की फली","Vegetables",95,122,"500gm",100,"https://dukaan.b-cdn.net/700x700/webp/master/products/product__11f3b524-1955-4f9d-9a82-4bcdc4d378ea.jpg","Farm fresh Beans French/Sem ki fali -सेम की फली sourced directly from verified farmers. Cleaned, sorted and hygienically packed for your kitchen.","Direct Bhopal Contract Farms & Karond Krishi Mandi (MyGreenDelight Certified Harvest)","Keep refrigerated in vegetable crisper / airtight mesh bag","[{""weight"":""250g"",""price"":29,""stock"":50},{""weight"":""500g"",""price"":52,""stock"":60},{""weight"":""1 kg"",""price"":95,""stock"":80},{""weight"":""2 kg (Bulk Saver)"",""price"":181,""stock"":40},{""weight"":""5 kg (Society Sack)"",""price"":437,""stock"":25}]"
"Zucchini Green/तोरी हरा Toree Hara","Exotics",90,115,"250gm",100,"https://dukaan.b-cdn.net/700x700/webp/master/products/zucchini-green.png","Farm fresh Zucchini Green/तोरी हरा Toree Hara sourced directly from verified farmers. Cleaned, sorted and hygienically packed for your kitchen.","Direct Bhopal Contract Farms & Karond Krishi Mandi (MyGreenDelight Certified Harvest)","Store in a cool dry fruit basket at room temperature","[{""weight"":""250g Pack"",""price"":90,""stock"":50},{""weight"":""500g (Twin Pack)"",""price"":171,""stock"":40},{""weight"":""1 kg (Family Pack)"",""price"":333,""stock"":30}]"
"Cherry Tomatoes/चैरी टमाटर","Exotics",120,154,"1",100,"https://dukaan.b-cdn.net/700x700/webp/master/products/product__01b023ce-4874-4912-8f5a-f54cfd8bf841.jpg","Farm fresh Cherry Tomatoes/चैरी टमाटर sourced directly from verified farmers. Cleaned, sorted and hygienically packed for your kitchen.","Direct Bhopal Contract Farms & Karond Krishi Mandi (MyGreenDelight Certified Harvest)","Store in a cool dry fruit basket at room temperature","[{""weight"":""250g Pack"",""price"":36,""stock"":40},{""weight"":""500g Pack"",""price"":66,""stock"":50},{""weight"":""1 kg Pack"",""price"":120,""stock"":60}]"
"Cabbage - Purple/पत्ता गोभी - बैंगनी Patta Gobhee","Vegetables",180,230,"1 kg",100,"https://dukaan.b-cdn.net/700x700/webp/master/products/product__6be09ef6-165f-46a1-8041-7e68c8e134d0.jpg","Farm fresh Cabbage - Purple/पत्ता गोभी - बैंगनी Patta Gobhee sourced directly from verified farmers. Cleaned, sorted and hygienically packed for your kitchen.","Direct Bhopal Contract Farms & Karond Krishi Mandi (MyGreenDelight Certified Harvest)","Store in cool dry place or refrigerate dairy items below 4°C","[{""weight"":""500g Pack"",""price"":99,""stock"":50},{""weight"":""1 kg Pack"",""price"":180,""stock"":60},{""weight"":""2 kg Value Pack"",""price"":342,""stock"":40}]"
"Avocado/ एवोकाडो","Exotics",300,384,"1 kg",100,"https://dukaan.b-cdn.net/700x700/webp/master/products/product__cdb15161-4017-44d2-948f-ebc5ee89a62e.jpg","Farm fresh Avocado/ एवोकाडो sourced directly from verified farmers. Cleaned, sorted and hygienically packed for your kitchen.","Direct Bhopal Contract Farms & Karond Krishi Mandi (MyGreenDelight Certified Harvest)","Store in a cool dry fruit basket at room temperature","[{""weight"":""250g Pack"",""price"":90,""stock"":40},{""weight"":""500g Pack"",""price"":165,""stock"":50},{""weight"":""1 kg Pack"",""price"":300,""stock"":60}]"
"Sweet Potato / Sakarkand -शकरकंद","Vegetables",25,32,"1 kg",100,"https://dukaan.b-cdn.net/700x700/webp/master/products/product__ca51680f-408d-4cc6-a826-0444e5666864.jpg","Farm fresh Sweet Potato / Sakarkand -शकरकंद sourced directly from verified farmers. Cleaned, sorted and hygienically packed for your kitchen.","Direct Bhopal Contract Farms & Karond Krishi Mandi (MyGreenDelight Certified Harvest)","Keep refrigerated in vegetable crisper / airtight mesh bag","[{""weight"":""250g"",""price"":10,""stock"":50},{""weight"":""500g"",""price"":15,""stock"":60},{""weight"":""1 kg"",""price"":25,""stock"":80},{""weight"":""2 kg (Bulk Saver)"",""price"":48,""stock"":40},{""weight"":""5 kg (Society Sack)"",""price"":115,""stock"":25}]"
"Beans Cowpea/Barbati - बरबटी","Vegetables",100,128,"1kg",100,"https://dukaan.b-cdn.net/700x700/webp/master/products/beans-cowpea.png","Farm fresh Beans Cowpea/Barbati - बरबटी sourced directly from verified farmers. Cleaned, sorted and hygienically packed for your kitchen.","Direct Bhopal Contract Farms & Karond Krishi Mandi (MyGreenDelight Certified Harvest)","Keep refrigerated in vegetable crisper / airtight mesh bag","[{""weight"":""250g"",""price"":30,""stock"":50},{""weight"":""500g"",""price"":55,""stock"":60},{""weight"":""1 kg"",""price"":100,""stock"":80},{""weight"":""2 kg (Bulk Saver)"",""price"":190,""stock"":40},{""weight"":""5 kg (Society Sack)"",""price"":460,""stock"":25}]"
"Sweet Corn (स्वीट कॉर्न)","Exotics",43,55,"1 kg",100,"https://dukaan.b-cdn.net/700x700/webp/master/products/sweet-corn.png","100% farm-fresh Sweet Corn (स्वीट कॉर्न) sourced daily from trusted local Bhopal & MP farmers. Graded for premium quality, crisp texture, and natural freshness.","Direct Bhopal Contract Farms & Karond Krishi Mandi (MyGreenDelight Certified Harvest)","Store in a cool dry fruit basket at room temperature","[{""weight"":""250g Pack"",""price"":20,""stock"":40},{""weight"":""500g Pack"",""price"":35,""stock"":50},{""weight"":""1 kg Pack"",""price"":43,""stock"":60}]"
"Ladies finger (Okra)/ Bhindi - भिंडी","Vegetables",28,36,"500gm",100,"https://dukaan.b-cdn.net/700x700/webp/master/products/product__9acd80c4-2d66-4845-9cd9-35574eeea6e9.jpg","Farm fresh Ladies finger (Okra)/ Bhindi - भिंडी sourced directly from verified farmers. Cleaned, sorted and hygienically packed for your kitchen.","Direct Bhopal Contract Farms & Karond Krishi Mandi (MyGreenDelight Certified Harvest)","Keep refrigerated in vegetable crisper / airtight mesh bag","[{""weight"":""250g"",""price"":10,""stock"":50},{""weight"":""500g"",""price"":15,""stock"":60},{""weight"":""1 kg"",""price"":28,""stock"":80},{""weight"":""2 kg (Bulk Saver)"",""price"":53,""stock"":40},{""weight"":""5 kg (Society Sack)"",""price"":129,""stock"":25}]"
"Parsley/अजमोद Ajamod","Exotics",100,128,"250gm",100,"https://dukaan.b-cdn.net/700x700/webp/master/products/parsley.png","Farm fresh Parsley/अजमोद Ajamod sourced directly from verified farmers. Cleaned, sorted and hygienically packed for your kitchen.","Direct Bhopal Contract Farms & Karond Krishi Mandi (MyGreenDelight Certified Harvest)","Store in a cool dry fruit basket at room temperature","[{""weight"":""250g Pack"",""price"":100,""stock"":50},{""weight"":""500g (Twin Pack)"",""price"":190,""stock"":40},{""weight"":""1 kg (Family Pack)"",""price"":370,""stock"":30}]"
"Colocasia / Arbi -अरबी","Vegetables",25,32,"250gm",100,"https://dukaan.b-cdn.net/700x700/webp/master/products/colocasia-arbi.png","Farm fresh Colocasia / Arbi -अरबी sourced directly from verified farmers. Cleaned, sorted and hygienically packed for your kitchen.","Direct Bhopal Contract Farms & Karond Krishi Mandi (MyGreenDelight Certified Harvest)","Keep refrigerated in vegetable crisper / airtight mesh bag","[{""weight"":""250g Pack"",""price"":25,""stock"":50},{""weight"":""500g (Twin Pack)"",""price"":48,""stock"":40},{""weight"":""1 kg (Family Pack)"",""price"":93,""stock"":30}]"
"Onion/pyaaz - प्याज़ Big","Vegetables",95,122,"5kg",100,"https://dukaan.b-cdn.net/700x700/webp/master/products/onion.png","Farm fresh Onion/pyaaz - प्याज़ Big sourced directly from verified farmers. Cleaned, sorted and hygienically packed for your kitchen.","Direct Bhopal Contract Farms & Karond Krishi Mandi (MyGreenDelight Certified Harvest)","Keep refrigerated in vegetable crisper / airtight mesh bag","[{""weight"":""250g"",""price"":29,""stock"":50},{""weight"":""500g"",""price"":52,""stock"":60},{""weight"":""1 kg"",""price"":95,""stock"":80},{""weight"":""2 kg (Bulk Saver)"",""price"":181,""stock"":40},{""weight"":""5 kg (Society Sack)"",""price"":437,""stock"":25}]"
"Spinach / Palak पालक","Vegetables",50,64,"1 kg",100,"https://dukaan.b-cdn.net/700x700/webp/master/products/spinach-palak.png","Farm fresh Spinach / Palak पालक sourced directly from verified farmers. Cleaned, sorted and hygienically packed for your kitchen.","Direct Bhopal Contract Farms & Karond Krishi Mandi (MyGreenDelight Certified Harvest)","Keep refrigerated in vegetable crisper / airtight mesh bag","[{""weight"":""250g"",""price"":15,""stock"":50},{""weight"":""500g"",""price"":28,""stock"":60},{""weight"":""1 kg"",""price"":50,""stock"":80},{""weight"":""2 kg (Bulk Saver)"",""price"":95,""stock"":40},{""weight"":""5 kg (Society Sack)"",""price"":230,""stock"":25}]"
"Mint Leaves (पोदीना के पत्ते)","Vegetables",30,38,"small",100,"https://dukaan.b-cdn.net/700x700/webp/master/products/mint-leaves.png","Farm fresh Mint Leaves (पोदीना के पत्ते) sourced directly from verified farmers. Cleaned, sorted and hygienically packed for your kitchen.","Direct Bhopal Contract Farms & Karond Krishi Mandi (MyGreenDelight Certified Harvest)","Keep refrigerated in vegetable crisper / airtight mesh bag","[{""weight"":""250g"",""price"":10,""stock"":50},{""weight"":""500g"",""price"":17,""stock"":60},{""weight"":""1 kg"",""price"":30,""stock"":80},{""weight"":""2 kg (Bulk Saver)"",""price"":57,""stock"":40},{""weight"":""5 kg (Society Sack)"",""price"":138,""stock"":25}]"
"Cabbage/patta gobhee - पत्ता गोभी","Vegetables",40,51,"1 kg",100,"https://dukaan.b-cdn.net/700x700/webp/master/products/cabbage-500-600gm.png","Farm fresh Cabbage/patta gobhee - पत्ता गोभी sourced directly from verified farmers. Cleaned, sorted and hygienically packed for your kitchen.","Direct Bhopal Contract Farms & Karond Krishi Mandi (MyGreenDelight Certified Harvest)","Store in cool dry place or refrigerate dairy items below 4°C","[{""weight"":""500g Pack"",""price"":25,""stock"":50},{""weight"":""1 kg Pack"",""price"":40,""stock"":60},{""weight"":""2 kg Value Pack"",""price"":76,""stock"":40}]"
"Orange Imported/ संतरा Santara","Fruits",200,256,"1 kg",100,"https://dukaan.b-cdn.net/700x700/webp/master/products/product__a9fc01c5-aedc-41e2-9a1f-b3fbea733905.jpg","Farm fresh Orange Imported/ संतरा Santara sourced directly from verified farmers. Cleaned, sorted and hygienically packed for your kitchen.","Direct Bhopal Contract Farms & Karond Krishi Mandi (MyGreenDelight Certified Harvest)","Store in a cool dry fruit basket at room temperature","[{""weight"":""250g"",""price"":60,""stock"":50},{""weight"":""500g"",""price"":110,""stock"":60},{""weight"":""1 kg"",""price"":200,""stock"":80},{""weight"":""2 kg (Bulk Saver)"",""price"":380,""stock"":40},{""weight"":""5 kg (Society Sack)"",""price"":920,""stock"":25}]"
"Carrot/gajar -गाजर","Vegetables",42,54,"500gm",100,"https://dukaan.b-cdn.net/700x700/webp/master/products/product__e242ae21-1865-4ea9-b6da-7fd063a24629.jpg","Farm fresh Carrot/gajar -गाजर sourced directly from verified farmers. Cleaned, sorted and hygienically packed for your kitchen.","Direct Bhopal Contract Farms & Karond Krishi Mandi (MyGreenDelight Certified Harvest)","Keep refrigerated in vegetable crisper / airtight mesh bag","[{""weight"":""250g"",""price"":13,""stock"":50},{""weight"":""500g"",""price"":23,""stock"":60},{""weight"":""1 kg"",""price"":42,""stock"":80},{""weight"":""2 kg (Bulk Saver)"",""price"":80,""stock"":40},{""weight"":""5 kg (Society Sack)"",""price"":193,""stock"":25}]"
"Garlic/lahasun लहसुन","Vegetables",350,448,"1000gm",100,"https://dukaan.b-cdn.net/700x700/webp/master/products/garlic.png","Farm fresh Garlic/lahasun लहसुन sourced directly from verified farmers. Cleaned, sorted and hygienically packed for your kitchen.","Direct Bhopal Contract Farms & Karond Krishi Mandi (MyGreenDelight Certified Harvest)","Keep refrigerated in vegetable crisper / airtight mesh bag","[{""weight"":""250g"",""price"":105,""stock"":50},{""weight"":""500g"",""price"":193,""stock"":60},{""weight"":""1 kg"",""price"":350,""stock"":80},{""weight"":""2 kg (Bulk Saver)"",""price"":665,""stock"":40},{""weight"":""5 kg (Society Sack)"",""price"":1610,""stock"":25}]"
"Pumpkin /kaddoo कद्��ू","Vegetables",40,51,"1kg",100,"https://dukaan.b-cdn.net/700x700/webp/master/products/pumpkin-green.png","Farm fresh Pumpkin /kaddoo कद्��ू sourced directly from verified farmers. Cleaned, sorted and hygienically packed for your kitchen.","Direct Bhopal Contract Farms & Karond Krishi Mandi (MyGreenDelight Certified Harvest)","Keep refrigerated in vegetable crisper / airtight mesh bag","[{""weight"":""250g"",""price"":12,""stock"":50},{""weight"":""500g"",""price"":22,""stock"":60},{""weight"":""1 kg"",""price"":40,""stock"":80},{""weight"":""2 kg (Bulk Saver)"",""price"":76,""stock"":40},{""weight"":""5 kg (Society Sack)"",""price"":184,""stock"":25}]"
"Bitter Gourd /karela -करेला","Vegetables",27,35,"500gm",100,"https://dukaan.b-cdn.net/700x700/webp/master/products/bitter-gourd-small.jpg","Farm fresh Bitter Gourd /karela -करेला sourced directly from verified farmers. Cleaned, sorted and hygienically packed for your kitchen.","Direct Bhopal Contract Farms & Karond Krishi Mandi (MyGreenDelight Certified Harvest)","Keep refrigerated in vegetable crisper / airtight mesh bag","[{""weight"":""250g"",""price"":10,""stock"":50},{""weight"":""500g"",""price"":15,""stock"":60},{""weight"":""1 kg"",""price"":27,""stock"":80},{""weight"":""2 kg (Bulk Saver)"",""price"":51,""stock"":40},{""weight"":""5 kg (Society Sack)"",""price"":124,""stock"":25}]"
"Brinjal- Small Purple/baigan -बैगन","Vegetables",20,26,"1 kg",100,"https://dukaan.b-cdn.net/700x700/webp/master/products/brinjal-small-purple.jpg","Farm fresh Brinjal- Small Purple/baigan -बैगन sourced directly from verified farmers. Cleaned, sorted and hygienically packed for your kitchen.","Direct Bhopal Contract Farms & Karond Krishi Mandi (MyGreenDelight Certified Harvest)","Keep refrigerated in vegetable crisper / airtight mesh bag","[{""weight"":""250g"",""price"":10,""stock"":50},{""weight"":""500g"",""price"":15,""stock"":60},{""weight"":""1 kg"",""price"":20,""stock"":80},{""weight"":""2 kg (Bulk Saver)"",""price"":38,""stock"":40},{""weight"":""5 kg (Society Sack)"",""price"":92,""stock"":25}]"
"Coccinia / Kundru/ Ivy gourd","Vegetables",35,45,"500gm",100,"https://dukaan.b-cdn.net/700x700/webp/master/products/coccinia-kundru-ivy-gourd.jpg","Farm fresh Coccinia / Kundru/ Ivy gourd sourced directly from verified farmers. Cleaned, sorted and hygienically packed for your kitchen.","Direct Bhopal Contract Farms & Karond Krishi Mandi (MyGreenDelight Certified Harvest)","Keep refrigerated in vegetable crisper / airtight mesh bag","[{""weight"":""250g"",""price"":11,""stock"":50},{""weight"":""500g"",""price"":19,""stock"":60},{""weight"":""1 kg"",""price"":35,""stock"":80},{""weight"":""2 kg (Bulk Saver)"",""price"":67,""stock"":40},{""weight"":""5 kg (Society Sack)"",""price"":161,""stock"":25}]"
"Brinjal- Small Green/baigan -बैगन","Vegetables",20,26,"500gm",100,"https://dukaan.b-cdn.net/700x700/webp/master/products/brinjal-small-green.png","Farm fresh Brinjal- Small Green/baigan -बैगन sourced directly from verified farmers. Cleaned, sorted and hygienically packed for your kitchen.","Direct Bhopal Contract Farms & Karond Krishi Mandi (MyGreenDelight Certified Harvest)","Keep refrigerated in vegetable crisper / airtight mesh bag","[{""weight"":""250g"",""price"":10,""stock"":50},{""weight"":""500g"",""price"":15,""stock"":60},{""weight"":""1 kg"",""price"":20,""stock"":80},{""weight"":""2 kg (Bulk Saver)"",""price"":38,""stock"":40},{""weight"":""5 kg (Society Sack)"",""price"":92,""stock"":25}]"
"Curry Leaves /करी पत्ते","Vegetables",50,64,"1 kg",100,"https://dukaan.b-cdn.net/700x700/webp/master/products/curry-leaves.jpg","Farm fresh Curry Leaves /करी पत्ते sourced directly from verified farmers. Cleaned, sorted and hygienically packed for your kitchen.","Direct Bhopal Contract Farms & Karond Krishi Mandi (MyGreenDelight Certified Harvest)","Keep refrigerated in vegetable crisper / airtight mesh bag","[{""weight"":""250g"",""price"":15,""stock"":50},{""weight"":""500g"",""price"":28,""stock"":60},{""weight"":""1 kg"",""price"":50,""stock"":80},{""weight"":""2 kg (Bulk Saver)"",""price"":95,""stock"":40},{""weight"":""5 kg (Society Sack)"",""price"":230,""stock"":25}]"
"Amla/ Gooseberry - ��मला","Fruits",25,32,"1 kg",100,"https://dukaan.b-cdn.net/700x700/webp/master/products/amla-gooseberry.png","Farm fresh Amla/ Gooseberry - ��मला sourced directly from verified farmers. Cleaned, sorted and hygienically packed for your kitchen.","Direct Bhopal Contract Farms & Karond Krishi Mandi (MyGreenDelight Certified Harvest)","Keep refrigerated in vegetable crisper / airtight mesh bag","[{""weight"":""250g"",""price"":10,""stock"":50},{""weight"":""500g"",""price"":15,""stock"":60},{""weight"":""1 kg"",""price"":25,""stock"":80},{""weight"":""2 kg (Bulk Saver)"",""price"":48,""stock"":40},{""weight"":""5 kg (Society Sack)"",""price"":115,""stock"":25}]"
"Baby Onion/Pyaaj -प्याज","Vegetables",80,102,"1 kg",100,"https://dukaan.b-cdn.net/700x700/webp/master/products/product__eb8253be-cb37-45c4-b84f-3f2bbd6ae9bd.jpg","Farm fresh Baby Onion/Pyaaj -प्याज sourced directly from verified farmers. Cleaned, sorted and hygienically packed for your kitchen.","Direct Bhopal Contract Farms & Karond Krishi Mandi (MyGreenDelight Certified Harvest)","Keep refrigerated in vegetable crisper / airtight mesh bag","[{""weight"":""250g"",""price"":24,""stock"":50},{""weight"":""500g"",""price"":44,""stock"":60},{""weight"":""1 kg"",""price"":80,""stock"":80},{""weight"":""2 kg (Bulk Saver)"",""price"":152,""stock"":40},{""weight"":""5 kg (Society Sack)"",""price"":368,""stock"":25}]"
"Pineapple/���नन्नास Anannaas","Fruits",120,154,"1 kg",100,"https://dukaan.b-cdn.net/700x700/webp/master/products/pineapple.png","Farm fresh Pineapple/���नन्नास Anannaas sourced directly from verified farmers. Cleaned, sorted and hygienically packed for your kitchen.","Direct Bhopal Contract Farms & Karond Krishi Mandi (MyGreenDelight Certified Harvest)","Store in a cool dry fruit basket at room temperature","[{""weight"":""250g"",""price"":36,""stock"":50},{""weight"":""500g"",""price"":66,""stock"":60},{""weight"":""1 kg"",""price"":120,""stock"":80},{""weight"":""2 kg (Bulk Saver)"",""price"":228,""stock"":40},{""weight"":""5 kg (Society Sack)"",""price"":552,""stock"":25}]"
"Lettuce /सलाद पत्ता Salaad Patta","Exotics",150,192,"1 kg",100,"https://dukaan.b-cdn.net/700x700/webp/master/products/lettuce.jpg","Farm fresh Lettuce /सलाद पत्ता Salaad Patta sourced directly from verified farmers. Cleaned, sorted and hygienically packed for your kitchen.","Direct Bhopal Contract Farms & Karond Krishi Mandi (MyGreenDelight Certified Harvest)","Store in cool dry place or refrigerate dairy items below 4°C","[{""weight"":""500g Pack"",""price"":83,""stock"":50},{""weight"":""1 kg Pack"",""price"":150,""stock"":60},{""weight"":""2 kg Value Pack"",""price"":285,""stock"":40}]"
"Papaya/पपीता Papeeta","Fruits",70,90,"small approx 700-1200gm",100,"https://dukaan.b-cdn.net/700x700/webp/master/products/product__e34af53d-9180-438e-92dd-875e6f06f8f1.jpg","weight around 750gm-950gm","Direct Bhopal Contract Farms & Karond Krishi Mandi (MyGreenDelight Certified Harvest)","Store in a cool dry fruit basket at room temperature","[{""weight"":""250g"",""price"":21,""stock"":50},{""weight"":""500g"",""price"":39,""stock"":60},{""weight"":""1 kg"",""price"":70,""stock"":80},{""weight"":""2 kg (Bulk Saver)"",""price"":133,""stock"":40},{""weight"":""5 kg (Society Sack)"",""price"":322,""stock"":25}]"
"Coconut Water / नारियल पानी nariyal pani","Fruits",65,83,"1 kg",100,"https://dukaan.b-cdn.net/700x700/webp/master/products/tender-coconut.png","Farm fresh Coconut Water / नारियल पानी nariyal pani online sourced directly from verified farmers. Cleaned, sorted and hygienically packed for your kitchen.","Direct Bhopal Contract Farms & Karond Krishi Mandi (MyGreenDelight Certified Harvest)","Keep refrigerated in vegetable crisper / airtight mesh bag","[{""weight"":""250g"",""price"":20,""stock"":50},{""weight"":""500g"",""price"":36,""stock"":60},{""weight"":""1 kg"",""price"":65,""stock"":80},{""weight"":""2 kg (Bulk Saver)"",""price"":124,""stock"":40},{""weight"":""5 kg (Society Sack)"",""price"":299,""stock"":25}]"
"Banana Leaf/केले का पत्ता Kele ka Patta","Fruits",25,32,"1 kg",100,"https://dukaan.b-cdn.net/700x700/webp/master/products/product__2529a858-95cd-4984-aefa-b7d6e982fe1a.jpg","Farm fresh Banana Leaf/केले का पत्ता Kele ka Patta sourced directly from verified farmers. Cleaned, sorted and hygienically packed for your kitchen.","Direct Bhopal Contract Farms & Karond Krishi Mandi (MyGreenDelight Certified Harvest)","Store in cool dry place or refrigerate dairy items below 4°C","[{""weight"":""500g Pack"",""price"":25,""stock"":50},{""weight"":""1 kg Pack"",""price"":25,""stock"":60},{""weight"":""2 kg Value Pack"",""price"":48,""stock"":40}]"
"Pomegranate /अनार Anar","Fruits",250,320,"1 kg",100,"https://dukaan.b-cdn.net/700x700/webp/master/products/product__adcf8b73-b3c6-4eee-8c24-364dc1b4820a.jpg","Farm fresh Pomegranate /अनार Anar sourced directly from verified farmers. Cleaned, sorted and hygienically packed for your kitchen.","Direct Bhopal Contract Farms & Karond Krishi Mandi (MyGreenDelight Certified Harvest)","Store in a cool dry fruit basket at room temperature","[{""weight"":""250g"",""price"":75,""stock"":50},{""weight"":""500g"",""price"":138,""stock"":60},{""weight"":""1 kg"",""price"":250,""stock"":80},{""weight"":""2 kg (Bulk Saver)"",""price"":475,""stock"":40},{""weight"":""5 kg (Society Sack)"",""price"":1150,""stock"":25}]"
"Baby Potato/aaloo - आलू","Vegetables",80,102,"1 kg",100,"https://dukaan.b-cdn.net/700x700/webp/master/products/baby-potato.png","Farm fresh Baby Potato/aaloo - आलू sourced directly from verified farmers. Cleaned, sorted and hygienically packed for your kitchen.","Direct Bhopal Contract Farms & Karond Krishi Mandi (MyGreenDelight Certified Harvest)","Keep refrigerated in vegetable crisper / airtight mesh bag","[{""weight"":""250g"",""price"":24,""stock"":50},{""weight"":""500g"",""price"":44,""stock"":60},{""weight"":""1 kg"",""price"":80,""stock"":80},{""weight"":""2 kg (Bulk Saver)"",""price"":152,""stock"":40},{""weight"":""5 kg (Society Sack)"",""price"":368,""stock"":25}]"
"Apple Gourd/ Tinday -टिंडे","Fruits",38,49,"500gm",100,"https://dukaan.b-cdn.net/700x700/webp/master/products/apple-gourd-tinday.jpg","Farm fresh Apple Gourd/ Tinday -टिंडे sourced directly from verified farmers. Cleaned, sorted and hygienically packed for your kitchen.","Direct Bhopal Contract Farms & Karond Krishi Mandi (MyGreenDelight Certified Harvest)","Store in a cool dry fruit basket at room temperature","[{""weight"":""250g"",""price"":11,""stock"":50},{""weight"":""500g"",""price"":21,""stock"":60},{""weight"":""1 kg"",""price"":38,""stock"":80},{""weight"":""2 kg (Bulk Saver)"",""price"":72,""stock"":40},{""weight"":""5 kg (Society Sack)"",""price"":175,""stock"":25}]"
"Sapota / चीकू Chiku","Vegetables",100,128,"1 kg",100,"https://dukaan.b-cdn.net/700x700/webp/master/products/product__6a67c9f7-9042-4c09-9c8d-1159d15a9846.jpg","Farm fresh Sapota / चीकू Chiku sourced directly from verified farmers. Cleaned, sorted and hygienically packed for your kitchen.","Direct Bhopal Contract Farms & Karond Krishi Mandi (MyGreenDelight Certified Harvest)","Keep refrigerated in vegetable crisper / airtight mesh bag","[{""weight"":""250g"",""price"":30,""stock"":50},{""weight"":""500g"",""price"":55,""stock"":60},{""weight"":""1 kg"",""price"":100,""stock"":80},{""weight"":""2 kg (Bulk Saver)"",""price"":190,""stock"":40},{""weight"":""5 kg (Society Sack)"",""price"":460,""stock"":25}]"
"Red Capsicum (लाल शिमला मिर्च)","Exotics",179,229,"1 pice",100,"https://dukaan.b-cdn.net/700x700/webp/master/products/bell-pepper-red.png","Fresh farm harvested Fresh Red Capsicum Online | Order Yellow Bell Pepper. Naturally grown, pesticide-monitored, handpicked and ozone washed for maximum crispness and nutrition.","Direct Bhopal Contract Farms & Karond Krishi Mandi (MyGreenDelight Certified Harvest)","Store in a cool dry fruit basket at room temperature","[{""weight"":""250g Pack"",""price"":54,""stock"":40},{""weight"":""500g Pack"",""price"":98,""stock"":50},{""weight"":""1 kg Pack"",""price"":179,""stock"":60}]"
"Sweet Corn Packet","Exotics",100,128,"1 kg",100,"https://dukaan.b-cdn.net/700x700/webp/master/products/sweet-corn-packet.png","Farm fresh Sweet Corn Packet sourced directly from verified farmers. Cleaned, sorted and hygienically packed for your kitchen.","Direct Bhopal Contract Farms & Karond Krishi Mandi (MyGreenDelight Certified Harvest)","Store in a cool dry fruit basket at room temperature","[{""weight"":""250g Pack"",""price"":30,""stock"":40},{""weight"":""500g Pack"",""price"":55,""stock"":50},{""weight"":""1 kg Pack"",""price"":100,""stock"":60}]"
"Green Chillies/Haree Mirch -हरी मिर्च","Vegetables",30,38,"100gm",100,"https://dukaan.b-cdn.net/700x700/webp/master/products/product__46978d47-6f01-4fb5-abe9-922a971b87c5.jpg","Farm fresh Green Chillies/Haree Mirch -हरी मिर्च sourced directly from verified farmers. Cleaned, sorted and hygienically packed for your kitchen.","Direct Bhopal Contract Farms & Karond Krishi Mandi (MyGreenDelight Certified Harvest)","Keep refrigerated in vegetable crisper / airtight mesh bag","[{""weight"":""100g Pack"",""price"":30,""stock"":50},{""weight"":""200g (Twin Pack)"",""price"":57,""stock"":40},{""weight"":""500g (Chef Pack)"",""price"":135,""stock"":25}]"
"Banana Raw/ kele kachcha -केले कच्चा","Fruits",60,77,"1 kg",100,"https://dukaan.b-cdn.net/700x700/webp/master/products/banana-raw.png","Farm fresh Banana Raw/ kele kachcha -केले कच्चा sourced directly from verified farmers. Cleaned, sorted and hygienically packed for your kitchen.","Direct Bhopal Contract Farms & Karond Krishi Mandi (MyGreenDelight Certified Harvest)","Store in a cool dry fruit basket at room temperature","[{""weight"":""250g"",""price"":18,""stock"":50},{""weight"":""500g"",""price"":33,""stock"":60},{""weight"":""1 kg"",""price"":60,""stock"":80},{""weight"":""2 kg (Bulk Saver)"",""price"":114,""stock"":40},{""weight"":""5 kg (Society Sack)"",""price"":276,""stock"":25}]"
"Mosambi/मौसंबी Sweet Lemon","Fruits",100,128,"1 kg",100,"https://dukaan.b-cdn.net/700x700/webp/master/products/mosambi.jpg","Farm fresh Mosambi/मौसंबी Sweet Lemon sourced directly from verified farmers. Cleaned, sorted and hygienically packed for your kitchen.","Direct Bhopal Contract Farms & Karond Krishi Mandi (MyGreenDelight Certified Harvest)","Store in a cool dry fruit basket at room temperature","[{""weight"":""250g"",""price"":30,""stock"":50},{""weight"":""500g"",""price"":55,""stock"":60},{""weight"":""1 kg"",""price"":100,""stock"":80},{""weight"":""2 kg (Bulk Saver)"",""price"":190,""stock"":40},{""weight"":""5 kg (Society Sack)"",""price"":460,""stock"":25}]"
"Cucumber/kheera -खीरा","Vegetables",16,20,"500gm",100,"https://dukaan.b-cdn.net/700x700/webp/master/products/product__3a5acc71-91b0-4bc8-ae91-a81782645e25.jpg","Farm fresh Cucumber/kheera -खीरा sourced directly from verified farmers. Cleaned, sorted and hygienically packed for your kitchen.","Direct Bhopal Contract Farms & Karond Krishi Mandi (MyGreenDelight Certified Harvest)","Keep refrigerated in vegetable crisper / airtight mesh bag","[{""weight"":""250g"",""price"":10,""stock"":50},{""weight"":""500g"",""price"":15,""stock"":60},{""weight"":""1 kg"",""price"":16,""stock"":80},{""weight"":""2 kg (Bulk Saver)"",""price"":30,""stock"":40},{""weight"":""5 kg (Society Sack)"",""price"":74,""stock"":25}]"
"Lemon/ नीबू Neemboo","Vegetables",10,13,"1",100,"https://dukaan.b-cdn.net/700x700/webp/master/products/product__9f8b3fba-74ac-43bd-b28c-5f7fc22024ed.jpg","Farm fresh Lemon/ नीबू Neemboo sourced directly from verified farmers. Cleaned, sorted and hygienically packed for your kitchen.","Direct Bhopal Contract Farms & Karond Krishi Mandi (MyGreenDelight Certified Harvest)","Keep refrigerated in vegetable crisper / airtight mesh bag","[{""weight"":""250g"",""price"":10,""stock"":50},{""weight"":""500g"",""price"":15,""stock"":60},{""weight"":""1 kg"",""price"":15,""stock"":80},{""weight"":""2 kg (Bulk Saver)"",""price"":29,""stock"":40},{""weight"":""5 kg (Society Sack)"",""price"":69,""stock"":25}]"
"Pineapple Small/अनन्नास anannaas","Fruits",100,128,"1 kg",100,"https://dukaan.b-cdn.net/700x700/webp/master/products/pineapple-small.png","Farm fresh Pineapple Small/अनन्नास anannaas sourced directly from verified farmers. Cleaned, sorted and hygienically packed for your kitchen.","Direct Bhopal Contract Farms & Karond Krishi Mandi (MyGreenDelight Certified Harvest)","Store in a cool dry fruit basket at room temperature","[{""weight"":""250g"",""price"":30,""stock"":50},{""weight"":""500g"",""price"":55,""stock"":60},{""weight"":""1 kg"",""price"":100,""stock"":80},{""weight"":""2 kg (Bulk Saver)"",""price"":190,""stock"":40},{""weight"":""5 kg (Society Sack)"",""price"":460,""stock"":25}]"
"Drum Stick/munga -मुनगा","Vegetables",40,51,"250gm",100,"https://dukaan.b-cdn.net/700x700/webp/master/products/drum-stick.jpg","Farm fresh Drum Stick/munga -मुनगा sourced directly from verified farmers. Cleaned, sorted and hygienically packed for your kitchen.","Direct Bhopal Contract Farms & Karond Krishi Mandi (MyGreenDelight Certified Harvest)","Keep refrigerated in vegetable crisper / airtight mesh bag","[{""weight"":""250g Pack"",""price"":40,""stock"":50},{""weight"":""500g (Twin Pack)"",""price"":76,""stock"":40},{""weight"":""1 kg (Family Pack)"",""price"":148,""stock"":30}]"
"Apple Royal Gala/सेब Seb","Fruits",350,448,"1 kg",100,"https://dukaan.b-cdn.net/700x700/webp/master/products/apple-royal-gala.png","Farm fresh Apple Royal Gala/सेब Seb sourced directly from verified farmers. Cleaned, sorted and hygienically packed for your kitchen.","Direct Bhopal Contract Farms & Karond Krishi Mandi (MyGreenDelight Certified Harvest)","Store in a cool dry fruit basket at room temperature","[{""weight"":""250g"",""price"":105,""stock"":50},{""weight"":""500g"",""price"":193,""stock"":60},{""weight"":""1 kg"",""price"":350,""stock"":80},{""weight"":""2 kg (Bulk Saver)"",""price"":665,""stock"":40},{""weight"":""5 kg (Society Sack)"",""price"":1610,""stock"":25}]"
"Pointed Gourd / Parwal -परवल","Vegetables",20,26,"1 kg",100,"https://dukaan.b-cdn.net/700x700/webp/master/products/pointed-gourd-parwal.png","Farm fresh Pointed Gourd / Parwal -परवल sourced directly from verified farmers. Cleaned, sorted and hygienically packed for your kitchen.","Direct Bhopal Contract Farms & Karond Krishi Mandi (MyGreenDelight Certified Harvest)","Keep refrigerated in vegetable crisper / airtight mesh bag","[{""weight"":""250g"",""price"":10,""stock"":50},{""weight"":""500g"",""price"":15,""stock"":60},{""weight"":""1 kg"",""price"":20,""stock"":80},{""weight"":""2 kg (Bulk Saver)"",""price"":38,""stock"":40},{""weight"":""5 kg (Society Sack)"",""price"":92,""stock"":25}]"
"Grapes - Green/ अंगूर Angoor","Fruits",75,96,"1 kg",100,"https://dukaan.b-cdn.net/700x700/webp/master/products/grapes-green.jpg","Farm fresh Grapes - Green/ अंगूर Angoor sourced directly from verified farmers. Cleaned, sorted and hygienically packed for your kitchen.","Direct Bhopal Contract Farms & Karond Krishi Mandi (MyGreenDelight Certified Harvest)","Store in a cool dry fruit basket at room temperature","[{""weight"":""250g"",""price"":23,""stock"":50},{""weight"":""500g"",""price"":41,""stock"":60},{""weight"":""1 kg"",""price"":75,""stock"":80},{""weight"":""2 kg (Bulk Saver)"",""price"":143,""stock"":40},{""weight"":""5 kg (Society Sack)"",""price"":345,""stock"":25}]"
"Beetroot/ chukandar -चुकंदर","Vegetables",25,32,"250",100,"https://dukaan.b-cdn.net/700x700/webp/upload_file_service/2b01e0f2-ec57-47da-b87d-8c8ad85ba503/1664857683013.jpeg","Farm fresh Beetroot/ chukandar -चुकंदर sourced directly from verified farmers. Cleaned, sorted and hygienically packed for your kitchen.","Direct Bhopal Contract Farms & Karond Krishi Mandi (MyGreenDelight Certified Harvest)","Keep refrigerated in vegetable crisper / airtight mesh bag","[{""weight"":""250g"",""price"":10,""stock"":50},{""weight"":""500g"",""price"":15,""stock"":60},{""weight"":""1 kg"",""price"":25,""stock"":80},{""weight"":""2 kg (Bulk Saver)"",""price"":48,""stock"":40},{""weight"":""5 kg (Society Sack)"",""price"":115,""stock"":25}]"
"Muskmelon/ख��बूजा Kharabooja","Fruits",60,77,"1 kg",100,"https://dukaan.b-cdn.net/700x700/webp/master/products/muskmelon.jpg","Farm fresh Muskmelon/ख��बूजा Kharabooja sourced directly from verified farmers. Cleaned, sorted and hygienically packed for your kitchen.","Direct Bhopal Contract Farms & Karond Krishi Mandi (MyGreenDelight Certified Harvest)","Store in a cool dry fruit basket at room temperature","[{""weight"":""250g"",""price"":18,""stock"":50},{""weight"":""500g"",""price"":33,""stock"":60},{""weight"":""1 kg"",""price"":60,""stock"":80},{""weight"":""2 kg (Bulk Saver)"",""price"":114,""stock"":40},{""weight"":""5 kg (Society Sack)"",""price"":276,""stock"":25}]"
"Yellow Capcicum/पीली शिमला मिर्च","Vegetables",65,83,"1 pice",100,"https://dukaan.b-cdn.net/700x700/webp/master/products/bell-peper-yellow.jpg","Farm fresh Yellow Capcicum/पीली शिमला मिर्च sourced directly from verified farmers. Cleaned, sorted and hygienically packed for your kitchen.","Direct Bhopal Contract Farms & Karond Krishi Mandi (MyGreenDelight Certified Harvest)","Keep refrigerated in vegetable crisper / airtight mesh bag","[{""weight"":""250g"",""price"":20,""stock"":50},{""weight"":""500g"",""price"":36,""stock"":60},{""weight"":""1 kg"",""price"":65,""stock"":80},{""weight"":""2 kg (Bulk Saver)"",""price"":124,""stock"":40},{""weight"":""5 kg (Society Sack)"",""price"":299,""stock"":25}]"
"Methi","Vegetables",60,77,"1 kg",100,"https://dukaan.b-cdn.net/700x700/webp/master/products/product__f0bd7f53-6137-47a6-bef4-59e010fed46f.jpg","Farm fresh Methi sourced directly from verified farmers. Cleaned, sorted and hygienically packed for your kitchen.","Direct Bhopal Contract Farms & Karond Krishi Mandi (MyGreenDelight Certified Harvest)","Keep refrigerated in vegetable crisper / airtight mesh bag","[{""weight"":""250g"",""price"":18,""stock"":50},{""weight"":""500g"",""price"":33,""stock"":60},{""weight"":""1 kg"",""price"":60,""stock"":80},{""weight"":""2 kg (Bulk Saver)"",""price"":114,""stock"":40},{""weight"":""5 kg (Society Sack)"",""price"":276,""stock"":25}]"
"Custard Apple","Fruits",180,230,"500gm",100,"https://cdn.shopify.com/s/files/1/0551/4133/5088/products/CustardAppleGolden.jpg?v=1641812079","Premium farm-fresh Custard Apple. Naturally grown, handpicked, sanitized and packed under hygienic standards for optimal freshness and taste.","Direct Bhopal Contract Farms & Karond Krishi Mandi (MyGreenDelight Certified Harvest)","Store in a cool dry fruit basket at room temperature","[{""weight"":""250g"",""price"":54,""stock"":50},{""weight"":""500g"",""price"":99,""stock"":60},{""weight"":""1 kg"",""price"":180,""stock"":80},{""weight"":""2 kg (Bulk Saver)"",""price"":342,""stock"":40},{""weight"":""5 kg (Society Sack)"",""price"":828,""stock"":25}]"
"Apple Chilli","Fruits",275,352,"1kg",100,"https://cdn.shopify.com/s/files/1/0551/4133/5088/products/chilli.jpg?v=1641469403","Premium farm-fresh Apple Chilli. Naturally grown, handpicked, sanitized and packed under hygienic standards for optimal freshness and taste.","Direct Bhopal Contract Farms & Karond Krishi Mandi (MyGreenDelight Certified Harvest)","Store in a cool dry fruit basket at room temperature","[{""weight"":""250g"",""price"":83,""stock"":50},{""weight"":""500g"",""price"":151,""stock"":60},{""weight"":""1 kg"",""price"":275,""stock"":80},{""weight"":""2 kg (Bulk Saver)"",""price"":523,""stock"":40},{""weight"":""5 kg (Society Sack)"",""price"":1265,""stock"":25}]"
"Anaar Indian","Vegetables",245,314,"500gm",100,"https://cdn.shopify.com/s/files/1/0551/4133/5088/products/AnaarIndian.jpg?v=1641293910","Premium farm-fresh Anaar Indian. Naturally grown, handpicked, sanitized and packed under hygienic standards for optimal freshness and taste.","Direct Bhopal Contract Farms & Karond Krishi Mandi (MyGreenDelight Certified Harvest)","Keep refrigerated in vegetable crisper / airtight mesh bag","[{""weight"":""250g"",""price"":74,""stock"":50},{""weight"":""500g"",""price"":135,""stock"":60},{""weight"":""1 kg"",""price"":245,""stock"":80},{""weight"":""2 kg (Bulk Saver)"",""price"":466,""stock"":40},{""weight"":""5 kg (Society Sack)"",""price"":1127,""stock"":25}]"
"Guava (amrood) Red","Fruits",160,205,"500gm",100,"https://cdn.shopify.com/s/files/1/0551/4133/5088/products/Guava_amrood_Red.jpg?v=1641980685","Premium farm-fresh Guava (amrood) Red. Naturally grown, handpicked, sanitized and packed under hygienic standards for optimal freshness and taste.","Direct Bhopal Contract Farms & Karond Krishi Mandi (MyGreenDelight Certified Harvest)","Store in a cool dry fruit basket at room temperature","[{""weight"":""250g"",""price"":48,""stock"":50},{""weight"":""500g"",""price"":88,""stock"":60},{""weight"":""1 kg"",""price"":160,""stock"":80},{""weight"":""2 kg (Bulk Saver)"",""price"":304,""stock"":40},{""weight"":""5 kg (Society Sack)"",""price"":736,""stock"":25}]"
"Nakh Kashmiri","Vegetables",105,134,"500gm",100,"https://cdn.shopify.com/s/files/1/0551/4133/5088/products/30001461-3_1-fresho-pear-nakh-indian_1.jpg?v=1642238327","Premium farm-fresh Nakh Kashmiri. Naturally grown, handpicked, sanitized and packed under hygienic standards for optimal freshness and taste.","Direct Bhopal Contract Farms & Karond Krishi Mandi (MyGreenDelight Certified Harvest)","Keep refrigerated in vegetable crisper / airtight mesh bag","[{""weight"":""250g"",""price"":32,""stock"":50},{""weight"":""500g"",""price"":58,""stock"":60},{""weight"":""1 kg"",""price"":105,""stock"":80},{""weight"":""2 kg (Bulk Saver)"",""price"":200,""stock"":40},{""weight"":""5 kg (Society Sack)"",""price"":483,""stock"":25}]"
"Muscat Grapes Imported","Fruits",174,223,"250gm",100,"https://cdn.shopify.com/s/files/1/0551/4133/5088/files/download.jpg?v=1760357260","Premium farm-fresh Muscat Grapes Imported. Naturally grown, handpicked, sanitized and packed under hygienic standards for optimal freshness and taste.","Direct Bhopal Contract Farms & Karond Krishi Mandi (MyGreenDelight Certified Harvest)","Store in a cool dry fruit basket at room temperature","[{""weight"":""250g Pack"",""price"":174,""stock"":50},{""weight"":""500g (Twin Pack)"",""price"":331,""stock"":40},{""weight"":""1 kg (Family Pack)"",""price"":644,""stock"":30}]"
"Lobhiya","Vegetables",38,49,"250g",100,"https://cdn.shopify.com/s/files/1/0551/4133/5088/products/lobhiya-1-1024x1024_1.jpg?v=1642153960","Premium farm-fresh Lobhiya. Naturally grown, handpicked, sanitized and packed under hygienic standards for optimal freshness and taste.","Direct Bhopal Contract Farms & Karond Krishi Mandi (MyGreenDelight Certified Harvest)","Keep refrigerated in vegetable crisper / airtight mesh bag","[{""weight"":""250g Pack"",""price"":38,""stock"":50},{""weight"":""500g (Twin Pack)"",""price"":72,""stock"":40},{""weight"":""1 kg (Family Pack)"",""price"":141,""stock"":30}]"
"Mango Chausa","Fruits",240,307,"1 kg",100,"https://cdn.shopify.com/s/files/1/0551/4133/5088/products/mango-chaunsa-634603_1.jpg?v=1642156122","The Chausa is one of the sweetest mangoes , originally from Varanasi, grown in North India. Chausa has bright yellow skin and sweet pulp. About With a golden yellow color, these soft, almost fibreless mangoes have an aromatic pleasant sweet flavour. ...","Direct Bhopal Contract Farms & Karond Krishi Mandi (MyGreenDelight Certified Harvest)","Store in a cool dry fruit basket at room temperature","[{""weight"":""250g"",""price"":72,""stock"":50},{""weight"":""500g"",""price"":132,""stock"":60},{""weight"":""1 kg"",""price"":240,""stock"":80},{""weight"":""2 kg (Bulk Saver)"",""price"":456,""stock"":40},{""weight"":""5 kg (Society Sack)"",""price"":1104,""stock"":25}]"
"Rockit Apple","Fruits",295,378,"1 kg",100,"https://cdn.shopify.com/s/files/1/0551/4133/5088/files/rocketapple.webp?v=1764920398","Premium farm-fresh Rockit Apple. Naturally grown, handpicked, sanitized and packed under hygienic standards for optimal freshness and taste.","Direct Bhopal Contract Farms & Karond Krishi Mandi (MyGreenDelight Certified Harvest)","Store in a cool dry fruit basket at room temperature","[{""weight"":""250g"",""price"":89,""stock"":50},{""weight"":""500g"",""price"":162,""stock"":60},{""weight"":""1 kg"",""price"":295,""stock"":80},{""weight"":""2 kg (Bulk Saver)"",""price"":561,""stock"":40},{""weight"":""5 kg (Society Sack)"",""price"":1357,""stock"":25}]"
"Keggs Brown Eggs 6pc","Vegetables",150,192,"1 kg",100,"https://cdn.shopify.com/s/files/1/0551/4133/5088/files/KEGGS.jpg?v=1781764986","Premium farm-fresh Keggs Brown Eggs 6pc. Naturally grown, handpicked, sanitized and packed under hygienic standards for optimal freshness and taste.","Direct Bhopal Contract Farms & Karond Krishi Mandi (MyGreenDelight Certified Harvest)","Keep refrigerated in vegetable crisper / airtight mesh bag","[{""weight"":""250g"",""price"":45,""stock"":50},{""weight"":""500g"",""price"":83,""stock"":60},{""weight"":""1 kg"",""price"":150,""stock"":80},{""weight"":""2 kg (Bulk Saver)"",""price"":285,""stock"":40},{""weight"":""5 kg (Society Sack)"",""price"":690,""stock"":25}]"
"Kachi Haldi","Vegetables",53,68,"250gm",100,"https://cdn.shopify.com/s/files/1/0551/4133/5088/products/KachiHaldi.jpg?v=1642074967","Premium farm-fresh Kachi Haldi. Naturally grown, handpicked, sanitized and packed under hygienic standards for optimal freshness and taste.","Direct Bhopal Contract Farms & Karond Krishi Mandi (MyGreenDelight Certified Harvest)","Keep refrigerated in vegetable crisper / airtight mesh bag","[{""weight"":""250g Pack"",""price"":53,""stock"":50},{""weight"":""500g (Twin Pack)"",""price"":101,""stock"":40},{""weight"":""1 kg (Family Pack)"",""price"":196,""stock"":30}]"
"Kathal","Vegetables",90,115,"500gm",100,"https://cdn.shopify.com/s/files/1/0551/4133/5088/products/Bauhinia-Variegata_d92e3a09-11c4-42fb-ac01-e8244a6dbce8.png?v=1646555587","Premium farm-fresh Kathal. Naturally grown, handpicked, sanitized and packed under hygienic standards for optimal freshness and taste.","Direct Bhopal Contract Farms & Karond Krishi Mandi (MyGreenDelight Certified Harvest)","Keep refrigerated in vegetable crisper / airtight mesh bag","[{""weight"":""250g"",""price"":27,""stock"":50},{""weight"":""500g"",""price"":50,""stock"":60},{""weight"":""1 kg"",""price"":90,""stock"":80},{""weight"":""2 kg (Bulk Saver)"",""price"":171,""stock"":40},{""weight"":""5 kg (Society Sack)"",""price"":414,""stock"":25}]"
"Daab (Tender Coconut)","Fruits",100,128,"1pc",100,"https://cdn.shopify.com/s/files/1/0551/4133/5088/products/Daab.jpg?v=1641812223","Premium farm-fresh Daab (Tender Coconut). Naturally grown, handpicked, sanitized and packed under hygienic standards for optimal freshness and taste.","Direct Bhopal Contract Farms & Karond Krishi Mandi (MyGreenDelight Certified Harvest)","Keep refrigerated in vegetable crisper / airtight mesh bag","[{""weight"":""1 Pc"",""price"":100,""stock"":50},{""weight"":""2 Pcs Pack"",""price"":190,""stock"":40},{""weight"":""4 Pcs Family Pack"",""price"":370,""stock"":30}]"
"Tinda (टिंडा)","Vegetables",85,109,"500gm",100,"https://cdn.shopify.com/s/files/1/0551/4133/5088/products/tinda.jpg?v=1642243018","100% farm-fresh Tinda (टिंडा) sourced daily from trusted local Bhopal & MP farmers. Graded for premium quality, crisp texture, and natural freshness.","Direct Bhopal Contract Farms & Karond Krishi Mandi (MyGreenDelight Certified Harvest)","Keep refrigerated in vegetable crisper / airtight mesh bag","[{""weight"":""250g"",""price"":26,""stock"":50},{""weight"":""500g"",""price"":47,""stock"":60},{""weight"":""1 kg"",""price"":85,""stock"":80},{""weight"":""2 kg (Bulk Saver)"",""price"":162,""stock"":40},{""weight"":""5 kg (Society Sack)"",""price"":391,""stock"":25}]"
"Salad Pata Green","Vegetables",135,173,"300gm",100,"https://cdn.shopify.com/s/files/1/0551/4133/5088/products/lettusgreen_91bc4433-3bc9-4123-9b87-4dfbf036656b.jpg?v=1690526881","Premium farm-fresh Salad Pata Green. Naturally grown, handpicked, sanitized and packed under hygienic standards for optimal freshness and taste.","Direct Bhopal Contract Farms & Karond Krishi Mandi (MyGreenDelight Certified Harvest)","Keep refrigerated in vegetable crisper / airtight mesh bag","[{""weight"":""250g"",""price"":41,""stock"":50},{""weight"":""500g"",""price"":74,""stock"":60},{""weight"":""1 kg"",""price"":135,""stock"":80},{""weight"":""2 kg (Bulk Saver)"",""price"":257,""stock"":40},{""weight"":""5 kg (Society Sack)"",""price"":621,""stock"":25}]"
"Orange Carrot","Fruits",60,77,"500gm",100,"https://cdn.shopify.com/s/files/1/0551/4133/5088/products/carrot-english-wholesaler-in-ahmedabad-500x500_1.jpg?v=1641977745","Premium farm-fresh Orange Carrot. Naturally grown, handpicked, sanitized and packed under hygienic standards for optimal freshness and taste.","Direct Bhopal Contract Farms & Karond Krishi Mandi (MyGreenDelight Certified Harvest)","Store in a cool dry fruit basket at room temperature","[{""weight"":""250g"",""price"":18,""stock"":50},{""weight"":""500g"",""price"":33,""stock"":60},{""weight"":""1 kg"",""price"":60,""stock"":80},{""weight"":""2 kg (Bulk Saver)"",""price"":114,""stock"":40},{""weight"":""5 kg (Society Sack)"",""price"":276,""stock"":25}]"
"Kiwi Golden","Fruits",100,128,"1pc",100,"https://cdn.shopify.com/s/files/1/0551/4133/5088/products/GoldenKiwi.jpg?v=1641294212","Premium farm-fresh Kiwi Golden. Naturally grown, handpicked, sanitized and packed under hygienic standards for optimal freshness and taste.","Direct Bhopal Contract Farms & Karond Krishi Mandi (MyGreenDelight Certified Harvest)","Store in a cool dry fruit basket at room temperature","[{""weight"":""1 Pc"",""price"":100,""stock"":50},{""weight"":""2 Pcs Pack"",""price"":190,""stock"":40},{""weight"":""4 Pcs Family Pack"",""price"":370,""stock"":30}]"
"Rice Premium Basmati 5kg","Dairy & Staples",650,832,"1 kg",100,"https://cdn.shopify.com/s/files/1/0551/4133/5088/products/RicePremiumBasmati5kg.jpg?v=1645812005","Premium farm-fresh Rice Premium Basmati 5kg. Naturally grown, handpicked, sanitized and packed under hygienic standards for optimal freshness and taste.","Direct Bhopal Contract Farms & Karond Krishi Mandi (MyGreenDelight Certified Harvest)","Store in cool dry place or refrigerate dairy items below 4°C","[{""weight"":""1 kg Pack"",""price"":130,""stock"":50},{""weight"":""5 kg Bag"",""price"":650,""stock"":40},{""weight"":""10 kg Mega Saver"",""price"":1268,""stock"":20}]"
"Rice Premium Basmati 1kg","Dairy & Staples",130,166,"1 kg",100,"https://cdn.shopify.com/s/files/1/0551/4133/5088/products/90021595_XL1_1.jpg?v=1645853081","Premium farm-fresh Rice Premium Basmati 1kg. Naturally grown, handpicked, sanitized and packed under hygienic standards for optimal freshness and taste.","Direct Bhopal Contract Farms & Karond Krishi Mandi (MyGreenDelight Certified Harvest)","Store in cool dry place or refrigerate dairy items below 4°C","[{""weight"":""500g Pack"",""price"":72,""stock"":50},{""weight"":""1 kg Pack"",""price"":130,""stock"":60},{""weight"":""2 kg Value Pack"",""price"":247,""stock"":40}]"
"Dal Chana 500gm","Dairy & Staples",60,77,"1 kg",100,"https://cdn.shopify.com/s/files/1/0551/4133/5088/products/dalchana_108f905d-05b5-401e-9079-68a153fad19a.jpg?v=1642597256","Premium farm-fresh Dal Chana 500gm. Naturally grown, handpicked, sanitized and packed under hygienic standards for optimal freshness and taste.","Direct Bhopal Contract Farms & Karond Krishi Mandi (MyGreenDelight Certified Harvest)","Store in cool dry place or refrigerate dairy items below 4°C","[{""weight"":""500g Pack"",""price"":33,""stock"":50},{""weight"":""1 kg Pack"",""price"":60,""stock"":60},{""weight"":""2 kg Value Pack"",""price"":114,""stock"":40}]"
"Dal Masoor Sabut 500gm","Dairy & Staples",75,96,"1 kg",100,"https://cdn.shopify.com/s/files/1/0551/4133/5088/products/FpsDalMasoorSabut500gm.jpg?v=1642767253","Premium farm-fresh Dal Masoor Sabut 500gm. Naturally grown, handpicked, sanitized and packed under hygienic standards for optimal freshness and taste.","Direct Bhopal Contract Farms & Karond Krishi Mandi (MyGreenDelight Certified Harvest)","Store in cool dry place or refrigerate dairy items below 4°C","[{""weight"":""500g Pack"",""price"":41,""stock"":50},{""weight"":""1 kg Pack"",""price"":75,""stock"":60},{""weight"":""2 kg Value Pack"",""price"":143,""stock"":40}]"
"Dal Malka Masoor 500gm","Dairy & Staples",70,90,"1 kg",100,"https://cdn.shopify.com/s/files/1/0551/4133/5088/products/Dalmasoor.jpg?v=1642663948","Premium farm-fresh Dal Malka Masoor 500gm. Naturally grown, handpicked, sanitized and packed under hygienic standards for optimal freshness and taste.","Direct Bhopal Contract Farms & Karond Krishi Mandi (MyGreenDelight Certified Harvest)","Store in cool dry place or refrigerate dairy items below 4°C","[{""weight"":""500g Pack"",""price"":39,""stock"":50},{""weight"":""1 kg Pack"",""price"":70,""stock"":60},{""weight"":""2 kg Value Pack"",""price"":133,""stock"":40}]"
"Dal Kabuli Chana Big 500gm","Dairy & Staples",70,90,"1 kg",100,"https://cdn.shopify.com/s/files/1/0551/4133/5088/products/kabuliChanabig.jpg?v=1642597282","Premium farm-fresh Dal Kabuli Chana Big 500gm. Naturally grown, handpicked, sanitized and packed under hygienic standards for optimal freshness and taste.","Direct Bhopal Contract Farms & Karond Krishi Mandi (MyGreenDelight Certified Harvest)","Store in cool dry place or refrigerate dairy items below 4°C","[{""weight"":""500g Pack"",""price"":39,""stock"":50},{""weight"":""1 kg Pack"",""price"":70,""stock"":60},{""weight"":""2 kg Value Pack"",""price"":133,""stock"":40}]"
"Dal Moong Chilka 500gm","Dairy & Staples",80,102,"1 kg",100,"https://cdn.shopify.com/s/files/1/0551/4133/5088/products/moongdalchilka.jpg?v=1642768056","Premium farm-fresh Dal Moong Chilka 500gm. Naturally grown, handpicked, sanitized and packed under hygienic standards for optimal freshness and taste.","Direct Bhopal Contract Farms & Karond Krishi Mandi (MyGreenDelight Certified Harvest)","Store in cool dry place or refrigerate dairy items below 4°C","[{""weight"":""500g Pack"",""price"":44,""stock"":50},{""weight"":""1 kg Pack"",""price"":80,""stock"":60},{""weight"":""2 kg Value Pack"",""price"":152,""stock"":40}]"
"Dal Rajma Chitra 500gm","Dairy & Staples",90,115,"1 kg",100,"https://cdn.shopify.com/s/files/1/0551/4133/5088/products/rajmachitra_82129d5a-e29f-4b3b-88e5-9486e19779f9.jpg?v=1642768756","Premium farm-fresh Dal Rajma Chitra 500gm. Naturally grown, handpicked, sanitized and packed under hygienic standards for optimal freshness and taste.","Direct Bhopal Contract Farms & Karond Krishi Mandi (MyGreenDelight Certified Harvest)","Store in cool dry place or refrigerate dairy items below 4°C","[{""weight"":""500g Pack"",""price"":50,""stock"":50},{""weight"":""1 kg Pack"",""price"":90,""stock"":60},{""weight"":""2 kg Value Pack"",""price"":171,""stock"":40}]"
"Dal Moong Sabut 500gm","Dairy & Staples",75,96,"1 kg",100,"https://cdn.shopify.com/s/files/1/0551/4133/5088/products/moongdalsabut.jpg?v=1642768166","Premium farm-fresh Dal Moong Sabut 500gm. Naturally grown, handpicked, sanitized and packed under hygienic standards for optimal freshness and taste.","Direct Bhopal Contract Farms & Karond Krishi Mandi (MyGreenDelight Certified Harvest)","Store in cool dry place or refrigerate dairy items below 4°C","[{""weight"":""500g Pack"",""price"":41,""stock"":50},{""weight"":""1 kg Pack"",""price"":75,""stock"":60},{""weight"":""2 kg Value Pack"",""price"":143,""stock"":40}]"
"Dal Urad Chilka 500gm","Dairy & Staples",80,102,"1 kg",100,"https://cdn.shopify.com/s/files/1/0551/4133/5088/products/UradDalchilka.jpg?v=1642768849","Premium farm-fresh Dal Urad Chilka 500gm. Naturally grown, handpicked, sanitized and packed under hygienic standards for optimal freshness and taste.","Direct Bhopal Contract Farms & Karond Krishi Mandi (MyGreenDelight Certified Harvest)","Store in cool dry place or refrigerate dairy items below 4°C","[{""weight"":""500g Pack"",""price"":44,""stock"":50},{""weight"":""1 kg Pack"",""price"":80,""stock"":60},{""weight"":""2 kg Value Pack"",""price"":152,""stock"":40}]"
"Dal Moong Dhuli 500gm","Dairy & Staples",85,109,"1 kg",100,"https://cdn.shopify.com/s/files/1/0551/4133/5088/products/MoongDhuliDal.jpg?v=1641313961","Premium farm-fresh Dal Moong Dhuli 500gm. Naturally grown, handpicked, sanitized and packed under hygienic standards for optimal freshness and taste.","Direct Bhopal Contract Farms & Karond Krishi Mandi (MyGreenDelight Certified Harvest)","Store in cool dry place or refrigerate dairy items below 4°C","[{""weight"":""500g Pack"",""price"":47,""stock"":50},{""weight"":""1 kg Pack"",""price"":85,""stock"":60},{""weight"":""2 kg Value Pack"",""price"":162,""stock"":40}]"
"Dal Black Chana 500gm","Dairy & Staples",60,77,"1 kg",100,"https://cdn.shopify.com/s/files/1/0551/4133/5088/products/FpsDalBlackChana500gm.jpg?v=1642595440","Premium farm-fresh Dal Black Chana 500gm. Naturally grown, handpicked, sanitized and packed under hygienic standards for optimal freshness and taste.","Direct Bhopal Contract Farms & Karond Krishi Mandi (MyGreenDelight Certified Harvest)","Store in cool dry place or refrigerate dairy items below 4°C","[{""weight"":""500g Pack"",""price"":33,""stock"":50},{""weight"":""1 kg Pack"",""price"":60,""stock"":60},{""weight"":""2 kg Value Pack"",""price"":114,""stock"":40}]"
"Dal Arhar 500gm","Dairy & Staples",80,102,"1 kg",100,"https://cdn.shopify.com/s/files/1/0551/4133/5088/products/FpsDalArhar1kg_7af7e6bd-cb2e-4619-bd40-d4ba7dfc905d.jpg?v=1642595156","Premium farm-fresh Dal Arhar 500gm. Naturally grown, handpicked, sanitized and packed under hygienic standards for optimal freshness and taste.","Direct Bhopal Contract Farms & Karond Krishi Mandi (MyGreenDelight Certified Harvest)","Store in cool dry place or refrigerate dairy items below 4°C","[{""weight"":""500g Pack"",""price"":44,""stock"":50},{""weight"":""1 kg Pack"",""price"":80,""stock"":60},{""weight"":""2 kg Value Pack"",""price"":152,""stock"":40}]"
"Dal Urad Sabut 500gm","Dairy & Staples",80,102,"1 kg",100,"https://cdn.shopify.com/s/files/1/0551/4133/5088/products/uraddalsabut.jpg?v=1642768898","Premium farm-fresh Dal Urad Sabut 500gm. Naturally grown, handpicked, sanitized and packed under hygienic standards for optimal freshness and taste.","Direct Bhopal Contract Farms & Karond Krishi Mandi (MyGreenDelight Certified Harvest)","Store in cool dry place or refrigerate dairy items below 4°C","[{""weight"":""500g Pack"",""price"":44,""stock"":50},{""weight"":""1 kg Pack"",""price"":80,""stock"":60},{""weight"":""2 kg Value Pack"",""price"":152,""stock"":40}]"
"Dal Urad Dhulli 500gm","Dairy & Staples",90,115,"1 kg",100,"https://cdn.shopify.com/s/files/1/0551/4133/5088/products/UradDalDhuli.jpg?v=1642768875","Premium farm-fresh Dal Urad Dhulli 500gm. Naturally grown, handpicked, sanitized and packed under hygienic standards for optimal freshness and taste.","Direct Bhopal Contract Farms & Karond Krishi Mandi (MyGreenDelight Certified Harvest)","Store in cool dry place or refrigerate dairy items below 4°C","[{""weight"":""500g Pack"",""price"":50,""stock"":50},{""weight"":""1 kg Pack"",""price"":90,""stock"":60},{""weight"":""2 kg Value Pack"",""price"":171,""stock"":40}]"
"Medjoul Natural Dates 1kg","Fruits",220,282,"1 kg",100,"https://cdn.shopify.com/s/files/1/0551/4133/5088/products/MedjoulNaturalDates1kg.jpg?v=1646228217","Premium farm-fresh Medjoul Natural Dates 1kg. Naturally grown, handpicked, sanitized and packed under hygienic standards for optimal freshness and taste.","Direct Bhopal Contract Farms & Karond Krishi Mandi (MyGreenDelight Certified Harvest)","Store in a cool dry fruit basket at room temperature","[{""weight"":""250g"",""price"":66,""stock"":50},{""weight"":""500g"",""price"":121,""stock"":60},{""weight"":""1 kg"",""price"":220,""stock"":80},{""weight"":""2 kg (Bulk Saver)"",""price"":418,""stock"":40},{""weight"":""5 kg (Society Sack)"",""price"":1012,""stock"":25}]"
"Date Crown 500gm","Vegetables",275,352,"1 kg",100,"https://cdn.shopify.com/s/files/1/0551/4133/5088/products/41R2s_ZVfRL_1.jpg?v=1641810670","Premium farm-fresh Date Crown 500gm. Naturally grown, handpicked, sanitized and packed under hygienic standards for optimal freshness and taste.","Direct Bhopal Contract Farms & Karond Krishi Mandi (MyGreenDelight Certified Harvest)","Keep refrigerated in vegetable crisper / airtight mesh bag","[{""weight"":""250g"",""price"":83,""stock"":50},{""weight"":""500g"",""price"":151,""stock"":60},{""weight"":""1 kg"",""price"":275,""stock"":80},{""weight"":""2 kg (Bulk Saver)"",""price"":523,""stock"":40},{""weight"":""5 kg (Society Sack)"",""price"":1265,""stock"":25}]"
"Kimia Gold Pkt","Vegetables",220,282,"1 kg",100,"https://cdn.shopify.com/s/files/1/0551/4133/5088/products/kima.png?v=1643803844","Premium farm-fresh Kimia Gold Pkt. Naturally grown, handpicked, sanitized and packed under hygienic standards for optimal freshness and taste.","Direct Bhopal Contract Farms & Karond Krishi Mandi (MyGreenDelight Certified Harvest)","Keep refrigerated in vegetable crisper / airtight mesh bag","[{""weight"":""250g"",""price"":66,""stock"":50},{""weight"":""500g"",""price"":121,""stock"":60},{""weight"":""1 kg"",""price"":220,""stock"":80},{""weight"":""2 kg (Bulk Saver)"",""price"":418,""stock"":40},{""weight"":""5 kg (Society Sack)"",""price"":1012,""stock"":25}]"
"Kari Patta","Vegetables",30,38,"1 Bunch",100,"https://cdn.shopify.com/s/files/1/0551/4133/5088/products/karipatta.jpg?v=1642154317","Premium farm-fresh Kari Patta. Naturally grown, handpicked, sanitized and packed under hygienic standards for optimal freshness and taste.","Direct Bhopal Contract Farms & Karond Krishi Mandi (MyGreenDelight Certified Harvest)","Store in cool dry place or refrigerate dairy items below 4°C","[{""weight"":""1 Bundle"",""price"":30,""stock"":50},{""weight"":""2 Bundles (Saver)"",""price"":57,""stock"":40}]"
"Loki Goal","Vegetables",50,64,"500gm",100,"https://cdn.shopify.com/s/files/1/0551/4133/5088/products/grocerapp-ghia-pumpkin--5f08128923edb.jpg?v=1642154289","Premium farm-fresh Loki Goal. Naturally grown, handpicked, sanitized and packed under hygienic standards for optimal freshness and taste.","Direct Bhopal Contract Farms & Karond Krishi Mandi (MyGreenDelight Certified Harvest)","Keep refrigerated in vegetable crisper / airtight mesh bag","[{""weight"":""250g"",""price"":15,""stock"":50},{""weight"":""500g"",""price"":28,""stock"":60},{""weight"":""1 kg"",""price"":50,""stock"":80},{""weight"":""2 kg (Bulk Saver)"",""price"":95,""stock"":40},{""weight"":""5 kg (Society Sack)"",""price"":230,""stock"":25}]"
"Soya (Dill)","Vegetables",63,81,"250gm",100,"https://cdn.shopify.com/s/files/1/0551/4133/5088/products/soya.jpg?v=1648202507","Premium farm-fresh Soya (Dill). Naturally grown, handpicked, sanitized and packed under hygienic standards for optimal freshness and taste.","Direct Bhopal Contract Farms & Karond Krishi Mandi (MyGreenDelight Certified Harvest)","Keep refrigerated in vegetable crisper / airtight mesh bag","[{""weight"":""250g Pack"",""price"":63,""stock"":50},{""weight"":""500g (Twin Pack)"",""price"":120,""stock"":40},{""weight"":""1 kg (Family Pack)"",""price"":233,""stock"":30}]"
"Papita Small","Fruits",195,250,"1kg",100,"https://cdn.shopify.com/s/files/1/0551/4133/5088/products/40114961-3_4-fresho-papaya-small_1.jpg?v=1642262677","Premium farm-fresh Papita Small. Naturally grown, handpicked, sanitized and packed under hygienic standards for optimal freshness and taste.","Direct Bhopal Contract Farms & Karond Krishi Mandi (MyGreenDelight Certified Harvest)","Keep refrigerated in vegetable crisper / airtight mesh bag","[{""weight"":""250g"",""price"":59,""stock"":50},{""weight"":""500g"",""price"":107,""stock"":60},{""weight"":""1 kg"",""price"":195,""stock"":80},{""weight"":""2 kg (Bulk Saver)"",""price"":371,""stock"":40},{""weight"":""5 kg (Society Sack)"",""price"":897,""stock"":25}]"
"Apple Washington","Fruits",160,205,"500gm",100,"https://cdn.shopify.com/s/files/1/0551/4133/5088/products/BulkWashingtonAppleLargeSize20Kg.jpg?v=1641643782","Premium farm-fresh Apple Washington. Naturally grown, handpicked, sanitized and packed under hygienic standards for optimal freshness and taste.","Direct Bhopal Contract Farms & Karond Krishi Mandi (MyGreenDelight Certified Harvest)","Store in a cool dry fruit basket at room temperature","[{""weight"":""250g"",""price"":48,""stock"":50},{""weight"":""500g"",""price"":88,""stock"":60},{""weight"":""1 kg"",""price"":160,""stock"":80},{""weight"":""2 kg (Bulk Saver)"",""price"":304,""stock"":40},{""weight"":""5 kg (Society Sack)"",""price"":736,""stock"":25}]"
"Kamal Kakdi","Vegetables",125,160,"500gm",100,"https://cdn.shopify.com/s/files/1/0551/4133/5088/products/KamalKakdi.png?v=1642153551","Premium farm-fresh Kamal Kakdi. Naturally grown, handpicked, sanitized and packed under hygienic standards for optimal freshness and taste.","Direct Bhopal Contract Farms & Karond Krishi Mandi (MyGreenDelight Certified Harvest)","Keep refrigerated in vegetable crisper / airtight mesh bag","[{""weight"":""250g"",""price"":38,""stock"":50},{""weight"":""500g"",""price"":69,""stock"":60},{""weight"":""1 kg"",""price"":125,""stock"":80},{""weight"":""2 kg (Bulk Saver)"",""price"":238,""stock"":40},{""weight"":""5 kg (Society Sack)"",""price"":575,""stock"":25}]"
"Leek","Exotics",90,115,"250gm",100,"https://cdn.shopify.com/s/files/1/0551/4133/5088/products/kamus-leek-seeds-allium-porrum_1.jpg?v=1642152473","Premium farm-fresh Leek. Naturally grown, handpicked, sanitized and packed under hygienic standards for optimal freshness and taste.","Direct Bhopal Contract Farms & Karond Krishi Mandi (MyGreenDelight Certified Harvest)","Store in a cool dry fruit basket at room temperature","[{""weight"":""250g Pack"",""price"":90,""stock"":50},{""weight"":""500g (Twin Pack)"",""price"":171,""stock"":40},{""weight"":""1 kg (Family Pack)"",""price"":333,""stock"":30}]"
"Dft Kishmish Long 500gm","Dairy & Staples",140,179,"250g Pack",100,"https://cdn.shopify.com/s/files/1/0551/4133/5088/products/product_30_301_7c1cbe8e-891a-4b38-8b02-26190b248b91.jpg?v=1642845855","Premium farm-fresh Dft Kishmish Long 500gm. Naturally grown, handpicked, sanitized and packed under hygienic standards for optimal freshness and taste.","Direct Bhopal Contract Farms & Karond Krishi Mandi (MyGreenDelight Certified Harvest)","Store in cool dry place or refrigerate dairy items below 4°C","[{""weight"":""250g Pack"",""price"":140,""stock"":50},{""weight"":""500g (Twin Pack)"",""price"":266,""stock"":40},{""weight"":""1 kg (Family Pack)"",""price"":518,""stock"":30}]"
"Bhutta Dana (Peeled Corn)","Ready-to-Cook & Cut Produce",24,31,"200Gms",100,"https://cdn.shopify.com/s/files/1/0551/4133/5088/products/peeledcorn_b5441b47-630a-439a-bb7f-5849019d9466.jpg?v=1690526878","Premium farm-fresh Bhutta Dana (Peeled Corn). Naturally grown, handpicked, sanitized and packed under hygienic standards for optimal freshness and taste.","Direct Bhopal Contract Farms & Karond Krishi Mandi (MyGreenDelight Certified Harvest)","Keep refrigerated in vegetable crisper / airtight mesh bag","[{""weight"":""250g Tray"",""price"":24,""stock"":50},{""weight"":""500g Family Tray"",""price"":44,""stock"":40},{""weight"":""1 kg Bulk Kitchen Pack"",""price"":84,""stock"":25}]"
"Pear Tanchi Imported","Fruits",195,250,"500gm",100,"https://cdn.shopify.com/s/files/1/0551/4133/5088/products/pear_tanchi_c02bd7fc-3434-4a96-a451-34c5ec14608d.jpg?v=1690526860","Premium farm-fresh Pear Tanchi Imported. Naturally grown, handpicked, sanitized and packed under hygienic standards for optimal freshness and taste.","Direct Bhopal Contract Farms & Karond Krishi Mandi (MyGreenDelight Certified Harvest)","Store in a cool dry fruit basket at room temperature","[{""weight"":""250g"",""price"":59,""stock"":50},{""weight"":""500g"",""price"":107,""stock"":60},{""weight"":""1 kg"",""price"":195,""stock"":80},{""weight"":""2 kg (Bulk Saver)"",""price"":371,""stock"":40},{""weight"":""5 kg (Society Sack)"",""price"":897,""stock"":25}]"
"Basket 3","Vegetables",220,282,"1 kg",100,"https://cdn.shopify.com/s/files/1/0551/4133/5088/products/Basket800X800_0f54da5e-bfa0-4dea-9eeb-51273aa3ea0a.png?v=1666349003","Apple Gala Ind. 1.5kg, Pineapple 1pc, Apple Golden 500g, Orange 1.5kg, Anaar 600g,...","Direct Bhopal Contract Farms & Karond Krishi Mandi (MyGreenDelight Certified Harvest)","Store in a cool dry fruit basket at room temperature","[{""weight"":""250g"",""price"":66,""stock"":50},{""weight"":""500g"",""price"":121,""stock"":60},{""weight"":""1 kg"",""price"":220,""stock"":80},{""weight"":""2 kg (Bulk Saver)"",""price"":418,""stock"":40},{""weight"":""5 kg (Society Sack)"",""price"":1012,""stock"":25}]"
"Basket 2","Vegetables",220,282,"1 kg",100,"https://cdn.shopify.com/s/files/1/0551/4133/5088/products/Basket800X800_25019264-bf2f-4ec2-b248-701d3781fdf2.png?v=1666347283","Orange 1kg, Guava 1kg, Apple Kashmiri 1kg, Pear Imp. 1kg, Sharifa 700g, Mango Perry 600g, Grapes Green 500g,...","Direct Bhopal Contract Farms & Karond Krishi Mandi (MyGreenDelight Certified Harvest)","Store in a cool dry fruit basket at room temperature","[{""weight"":""250g"",""price"":66,""stock"":50},{""weight"":""500g"",""price"":121,""stock"":60},{""weight"":""1 kg"",""price"":220,""stock"":80},{""weight"":""2 kg (Bulk Saver)"",""price"":418,""stock"":40},{""weight"":""5 kg (Society Sack)"",""price"":1012,""stock"":25}]"
"Khira Normal","Vegetables",50,64,"500gm",100,"https://cdn.shopify.com/s/files/1/0551/4133/5088/products/Kakdi-Cucumber-Green_1_cebd8f73-56e7-4a3c-8b01-171fb7cf77a3.jpg?v=1690526840","Premium farm-fresh Khira Normal. Naturally grown, handpicked, sanitized and packed under hygienic standards for optimal freshness and taste.","Direct Bhopal Contract Farms & Karond Krishi Mandi (MyGreenDelight Certified Harvest)","Keep refrigerated in vegetable crisper / airtight mesh bag","[{""weight"":""250g"",""price"":15,""stock"":50},{""weight"":""500g"",""price"":28,""stock"":60},{""weight"":""1 kg"",""price"":50,""stock"":80},{""weight"":""2 kg (Bulk Saver)"",""price"":95,""stock"":40},{""weight"":""5 kg (Society Sack)"",""price"":230,""stock"":25}]"
"Shakarkandi (Sweet Potato)","Vegetables",95,122,"500gm",100,"https://cdn.shopify.com/s/files/1/0551/4133/5088/products/shakarkandi_b360c2f5-94a1-4267-a22e-ef49e24dbd32.jpg?v=1690526902","Premium farm-fresh Shakarkandi (Sweet Potato). Naturally grown, handpicked, sanitized and packed under hygienic standards for optimal freshness and taste.","Direct Bhopal Contract Farms & Karond Krishi Mandi (MyGreenDelight Certified Harvest)","Keep refrigerated in vegetable crisper / airtight mesh bag","[{""weight"":""250g"",""price"":29,""stock"":50},{""weight"":""500g"",""price"":52,""stock"":60},{""weight"":""1 kg"",""price"":95,""stock"":80},{""weight"":""2 kg (Bulk Saver)"",""price"":181,""stock"":40},{""weight"":""5 kg (Society Sack)"",""price"":437,""stock"":25}]"
"Avocado Imported 1 pcs","Exotics",130,166,"1 kg",100,"https://cdn.shopify.com/s/files/1/0551/4133/5088/products/0276-2020-07-24_e5e8b1c3-399f-45d9-82d3-4676fb442743.png?v=1690526915","Premium farm-fresh Avocado Imported 1 pcs. Naturally grown, handpicked, sanitized and packed under hygienic standards for optimal freshness and taste.","Direct Bhopal Contract Farms & Karond Krishi Mandi (MyGreenDelight Certified Harvest)","Store in a cool dry fruit basket at room temperature","[{""weight"":""250g Pack"",""price"":39,""stock"":40},{""weight"":""500g Pack"",""price"":72,""stock"":50},{""weight"":""1 kg Pack"",""price"":130,""stock"":60}]"
"Green Mango (हरा आम)","Fruits",57,73,"500gm",100,"https://cdn.shopify.com/s/files/1/0551/4133/5088/products/ramkela.jpg?v=1646459514","About Product The raw mango is commonly green in color and is highly appreciated for its nutritional value. They are outstanding suppliers of Vitamin C, which is relatively more than ripe mangoes. Raw mangoes are tangy in taste and have a tempting ar...","Direct Bhopal Contract Farms & Karond Krishi Mandi (MyGreenDelight Certified Harvest)","Store in a cool dry fruit basket at room temperature","[{""weight"":""250g"",""price"":17,""stock"":50},{""weight"":""500g"",""price"":31,""stock"":60},{""weight"":""1 kg"",""price"":57,""stock"":80},{""weight"":""2 kg (Bulk Saver)"",""price"":108,""stock"":40},{""weight"":""5 kg (Society Sack)"",""price"":262,""stock"":25}]"
"Dft Badam Big","Dairy & Staples",260,333,"250g Pack",100,"https://cdn.shopify.com/s/files/1/0551/4133/5088/products/Badambig_22700ad9-a24e-4b86-9ab0-e6d11f3d4097.jpg?v=1690527804","Premium farm-fresh Dft Badam Big. Naturally grown, handpicked, sanitized and packed under hygienic standards for optimal freshness and taste.","Direct Bhopal Contract Farms & Karond Krishi Mandi (MyGreenDelight Certified Harvest)","Store in cool dry place or refrigerate dairy items below 4°C","[{""weight"":""250g Pack"",""price"":260,""stock"":50},{""weight"":""500g (Twin Pack)"",""price"":494,""stock"":40},{""weight"":""1 kg (Family Pack)"",""price"":962,""stock"":30}]"
"Jimikand (Yam)","Vegetables",60,77,"500gm",100,"https://cdn.shopify.com/s/files/1/0551/4133/5088/products/Jimikand.jpg?v=1646296080","Premium farm-fresh Jimikand (Yam). Naturally grown, handpicked, sanitized and packed under hygienic standards for optimal freshness and taste.","Direct Bhopal Contract Farms & Karond Krishi Mandi (MyGreenDelight Certified Harvest)","Keep refrigerated in vegetable crisper / airtight mesh bag","[{""weight"":""250g"",""price"":18,""stock"":50},{""weight"":""500g"",""price"":33,""stock"":60},{""weight"":""1 kg"",""price"":60,""stock"":80},{""weight"":""2 kg (Bulk Saver)"",""price"":114,""stock"":40},{""weight"":""5 kg (Society Sack)"",""price"":276,""stock"":25}]"
"Parsely","Vegetables",45,58,"100gm",100,"https://cdn.shopify.com/s/files/1/0551/4133/5088/products/shin_c4c07d02-9be6-402b-a021-a38b4530154b.jpg?v=1646736818","Premium farm-fresh Parsely. Naturally grown, handpicked, sanitized and packed under hygienic standards for optimal freshness and taste.","Direct Bhopal Contract Farms & Karond Krishi Mandi (MyGreenDelight Certified Harvest)","Keep refrigerated in vegetable crisper / airtight mesh bag","[{""weight"":""100g Pack"",""price"":45,""stock"":50},{""weight"":""200g (Twin Pack)"",""price"":86,""stock"":40},{""weight"":""500g (Chef Pack)"",""price"":203,""stock"":25}]"
"Avocado Imported","Exotics",300,384,"500gm",100,"https://cdn.shopify.com/s/files/1/0551/4133/5088/products/0276-2020-07-24_e5e8b1c3-399f-45d9-82d3-4676fb442743.png?v=1690526915","Premium farm-fresh Avocado Imported. Naturally grown, handpicked, sanitized and packed under hygienic standards for optimal freshness and taste.","Direct Bhopal Contract Farms & Karond Krishi Mandi (MyGreenDelight Certified Harvest)","Store in a cool dry fruit basket at room temperature","[{""weight"":""250g Pack"",""price"":90,""stock"":40},{""weight"":""500g Pack"",""price"":165,""stock"":50},{""weight"":""1 kg Pack"",""price"":300,""stock"":60}]"
"Apple Royal Gala","Fruits",239,306,"500gm",100,"https://cdn.shopify.com/s/files/1/0551/4133/5088/products/AppleRoyalGala_png.webp?v=1651472951","Premium farm-fresh Apple Royal Gala. Naturally grown, handpicked, sanitized and packed under hygienic standards for optimal freshness and taste.","Direct Bhopal Contract Farms & Karond Krishi Mandi (MyGreenDelight Certified Harvest)","Store in a cool dry fruit basket at room temperature","[{""weight"":""250g"",""price"":72,""stock"":50},{""weight"":""500g"",""price"":131,""stock"":60},{""weight"":""1 kg"",""price"":239,""stock"":80},{""weight"":""2 kg (Bulk Saver)"",""price"":454,""stock"":40},{""weight"":""5 kg (Society Sack)"",""price"":1099,""stock"":25}]"
"Elaichi Kela (banana Small)","Fruits",225,288,"1 kg",100,"https://cdn.shopify.com/s/files/1/0551/4133/5088/products/ElaichiKela_bananaSmall.jpg?v=1642501980","Premium farm-fresh Elaichi Kela (banana Small). Naturally grown, handpicked, sanitized and packed under hygienic standards for optimal freshness and taste.","Direct Bhopal Contract Farms & Karond Krishi Mandi (MyGreenDelight Certified Harvest)","Store in a cool dry fruit basket at room temperature","[{""weight"":""250g"",""price"":68,""stock"":50},{""weight"":""500g"",""price"":124,""stock"":60},{""weight"":""1 kg"",""price"":225,""stock"":80},{""weight"":""2 kg (Bulk Saver)"",""price"":428,""stock"":40},{""weight"":""5 kg (Society Sack)"",""price"":1035,""stock"":25}]"
"Honey Dew Melon","Fruits",120,154,"1kg",100,"https://cdn.shopify.com/s/files/1/0551/4133/5088/products/honeudew.jpg?v=1646231042","Premium farm-fresh Honey Dew Melon. Naturally grown, handpicked, sanitized and packed under hygienic standards for optimal freshness and taste.","Direct Bhopal Contract Farms & Karond Krishi Mandi (MyGreenDelight Certified Harvest)","Store in cool dry place or refrigerate dairy items below 4°C","[{""weight"":""500g Pack"",""price"":66,""stock"":50},{""weight"":""1 kg Pack"",""price"":120,""stock"":60},{""weight"":""2 kg Value Pack"",""price"":228,""stock"":40}]"
"Orange Mandarin","Fruits",380,486,"1 kg",100,"https://cdn.shopify.com/s/files/1/0551/4133/5088/products/orangemandarin-freshproduce-1024x1024_1.jpg?v=1642261522","Premium farm-fresh Orange Mandarin. Naturally grown, handpicked, sanitized and packed under hygienic standards for optimal freshness and taste.","Direct Bhopal Contract Farms & Karond Krishi Mandi (MyGreenDelight Certified Harvest)","Store in a cool dry fruit basket at room temperature","[{""weight"":""250g"",""price"":114,""stock"":50},{""weight"":""500g"",""price"":209,""stock"":60},{""weight"":""1 kg"",""price"":380,""stock"":80},{""weight"":""2 kg (Bulk Saver)"",""price"":722,""stock"":40},{""weight"":""5 kg (Society Sack)"",""price"":1748,""stock"":25}]"
"Anaar Extra Large","Vegetables",80,102,"1kg",100,"https://cdn.shopify.com/s/files/1/0551/4133/5088/products/AnaarExtraLarge.jpg?v=1641458205","Premium farm-fresh Anaar Extra Large. Naturally grown, handpicked, sanitized and packed under hygienic standards for optimal freshness and taste.","Direct Bhopal Contract Farms & Karond Krishi Mandi (MyGreenDelight Certified Harvest)","Keep refrigerated in vegetable crisper / airtight mesh bag","[{""weight"":""250g"",""price"":24,""stock"":50},{""weight"":""500g"",""price"":44,""stock"":60},{""weight"":""1 kg"",""price"":80,""stock"":80},{""weight"":""2 kg (Bulk Saver)"",""price"":152,""stock"":40},{""weight"":""5 kg (Society Sack)"",""price"":368,""stock"":25}]"
"Kale","Exotics",88,113,"250gm",100,"https://cdn.shopify.com/s/files/1/0551/4133/5088/products/Kale.jpg?v=1642152057","Premium farm-fresh Kale. Naturally grown, handpicked, sanitized and packed under hygienic standards for optimal freshness and taste.","Direct Bhopal Contract Farms & Karond Krishi Mandi (MyGreenDelight Certified Harvest)","Store in a cool dry fruit basket at room temperature","[{""weight"":""250g Pack"",""price"":88,""stock"":50},{""weight"":""500g (Twin Pack)"",""price"":167,""stock"":40},{""weight"":""1 kg (Family Pack)"",""price"":326,""stock"":30}]"
"Yakult Pack Of 5","Vegetables",90,115,"1 kg",100,"https://cdn.shopify.com/s/files/1/0551/4133/5088/products/YakultLightPackOf5pc_e995d3ad-153b-4ea7-9af5-491c24f974de.jpg?v=1645089041","Premium farm-fresh Yakult Pack Of 5. Naturally grown, handpicked, sanitized and packed under hygienic standards for optimal freshness and taste.","Direct Bhopal Contract Farms & Karond Krishi Mandi (MyGreenDelight Certified Harvest)","Keep refrigerated in vegetable crisper / airtight mesh bag","[{""weight"":""250g"",""price"":27,""stock"":50},{""weight"":""500g"",""price"":50,""stock"":60},{""weight"":""1 kg"",""price"":90,""stock"":80},{""weight"":""2 kg (Bulk Saver)"",""price"":171,""stock"":40},{""weight"":""5 kg (Society Sack)"",""price"":414,""stock"":25}]"
"Malta Imp","Vegetables",98,125,"500gm",100,"https://cdn.shopify.com/s/files/1/0551/4133/5088/products/MaltaImp.jpg?v=1643623998","Premium farm-fresh Malta Imp. Naturally grown, handpicked, sanitized and packed under hygienic standards for optimal freshness and taste.","Direct Bhopal Contract Farms & Karond Krishi Mandi (MyGreenDelight Certified Harvest)","Keep refrigerated in vegetable crisper / airtight mesh bag","[{""weight"":""250g"",""price"":29,""stock"":50},{""weight"":""500g"",""price"":54,""stock"":60},{""weight"":""1 kg"",""price"":98,""stock"":80},{""weight"":""2 kg (Bulk Saver)"",""price"":186,""stock"":40},{""weight"":""5 kg (Society Sack)"",""price"":451,""stock"":25}]"
"Apple Green Imp","Fruits",175,224,"500gm",100,"https://cdn.shopify.com/s/files/1/0551/4133/5088/products/AppleGreenImp.jpg?v=1641469190","Premium farm-fresh Apple Green Imp. Naturally grown, handpicked, sanitized and packed under hygienic standards for optimal freshness and taste.","Direct Bhopal Contract Farms & Karond Krishi Mandi (MyGreenDelight Certified Harvest)","Store in a cool dry fruit basket at room temperature","[{""weight"":""250g"",""price"":53,""stock"":50},{""weight"":""500g"",""price"":96,""stock"":60},{""weight"":""1 kg"",""price"":175,""stock"":80},{""weight"":""2 kg (Bulk Saver)"",""price"":333,""stock"":40},{""weight"":""5 kg (Society Sack)"",""price"":805,""stock"":25}]"
"Medjoul Natural Dates 500gm","Fruits",220,282,"1 kg",100,"https://cdn.shopify.com/s/files/1/0551/4133/5088/products/dates.jpg?v=1644925085","Premium farm-fresh Medjoul Natural Dates 500gm. Naturally grown, handpicked, sanitized and packed under hygienic standards for optimal freshness and taste.","Direct Bhopal Contract Farms & Karond Krishi Mandi (MyGreenDelight Certified Harvest)","Store in a cool dry fruit basket at room temperature","[{""weight"":""250g"",""price"":66,""stock"":50},{""weight"":""500g"",""price"":121,""stock"":60},{""weight"":""1 kg"",""price"":220,""stock"":80},{""weight"":""2 kg (Bulk Saver)"",""price"":418,""stock"":40},{""weight"":""5 kg (Society Sack)"",""price"":1012,""stock"":25}]"
"Dft Anjeer","Dairy & Staples",80,102,"500gm",100,"https://cdn.shopify.com/s/files/1/0551/4133/5088/products/Anjeer_ee06dd99-dc6a-4e9a-bebc-d561b902767c.jpg?v=1690527805","Premium farm-fresh Dft Anjeer. Naturally grown, handpicked, sanitized and packed under hygienic standards for optimal freshness and taste.","Direct Bhopal Contract Farms & Karond Krishi Mandi (MyGreenDelight Certified Harvest)","Keep refrigerated in vegetable crisper / airtight mesh bag","[{""weight"":""250g"",""price"":24,""stock"":50},{""weight"":""500g"",""price"":44,""stock"":60},{""weight"":""1 kg"",""price"":80,""stock"":80},{""weight"":""2 kg (Bulk Saver)"",""price"":152,""stock"":40},{""weight"":""5 kg (Society Sack)"",""price"":368,""stock"":25}]"
"Salad Pata Red","Vegetables",108,138,"300gm",100,"https://cdn.shopify.com/s/files/1/0551/4133/5088/products/salad-pata-red-freshproduceshoppe-1024x1024_1.jpg?v=1642399985","Premium farm-fresh Salad Pata Red. Naturally grown, handpicked, sanitized and packed under hygienic standards for optimal freshness and taste.","Direct Bhopal Contract Farms & Karond Krishi Mandi (MyGreenDelight Certified Harvest)","Keep refrigerated in vegetable crisper / airtight mesh bag","[{""weight"":""250g"",""price"":32,""stock"":50},{""weight"":""500g"",""price"":59,""stock"":60},{""weight"":""1 kg"",""price"":108,""stock"":80},{""weight"":""2 kg (Bulk Saver)"",""price"":205,""stock"":40},{""weight"":""5 kg (Society Sack)"",""price"":497,""stock"":25}]"
"Grapes Red Imported","Fruits",149,191,"250gm",100,"https://cdn.shopify.com/s/files/1/0551/4133/5088/products/GrapesRedImp.jpg?v=1641981610","Premium farm-fresh Grapes Red Imported. Naturally grown, handpicked, sanitized and packed under hygienic standards for optimal freshness and taste.","Direct Bhopal Contract Farms & Karond Krishi Mandi (MyGreenDelight Certified Harvest)","Store in a cool dry fruit basket at room temperature","[{""weight"":""250g Pack"",""price"":149,""stock"":50},{""weight"":""500g (Twin Pack)"",""price"":283,""stock"":40},{""weight"":""1 kg (Family Pack)"",""price"":551,""stock"":30}]"
"White Onion","Vegetables",210,269,"1kg",100,"https://cdn.shopify.com/s/files/1/0551/4133/5088/products/whiteonion.jpg?v=1643634982","Premium farm-fresh White Onion. Naturally grown, handpicked, sanitized and packed under hygienic standards for optimal freshness and taste.","Direct Bhopal Contract Farms & Karond Krishi Mandi (MyGreenDelight Certified Harvest)","Keep refrigerated in vegetable crisper / airtight mesh bag","[{""weight"":""250g"",""price"":63,""stock"":50},{""weight"":""500g"",""price"":116,""stock"":60},{""weight"":""1 kg"",""price"":210,""stock"":80},{""weight"":""2 kg (Bulk Saver)"",""price"":399,""stock"":40},{""weight"":""5 kg (Society Sack)"",""price"":966,""stock"":25}]"
"Dry Fruit Basket Plate","Dairy & Staples",220,282,"1 kg",100,"https://cdn.shopify.com/s/files/1/0551/4133/5088/products/Pista500gm.jpg?v=1666340521","Roasted Pista 500Gms Plate -1...","Direct Bhopal Contract Farms & Karond Krishi Mandi (MyGreenDelight Certified Harvest)","Store in a cool dry fruit basket at room temperature","[{""weight"":""250g"",""price"":66,""stock"":50},{""weight"":""500g"",""price"":121,""stock"":60},{""weight"":""1 kg"",""price"":220,""stock"":80},{""weight"":""2 kg (Bulk Saver)"",""price"":418,""stock"":40},{""weight"":""5 kg (Society Sack)"",""price"":1012,""stock"":25}]"
"Walnut 500g","Dairy & Staples",320,410,"250g Pack",100,"https://cdn.shopify.com/s/files/1/0551/4133/5088/products/wlnut.jpg?v=1665892764","Premium farm-fresh Walnut 500g. Naturally grown, handpicked, sanitized and packed under hygienic standards for optimal freshness and taste.","Direct Bhopal Contract Farms & Karond Krishi Mandi (MyGreenDelight Certified Harvest)","Store in cool dry place or refrigerate dairy items below 4°C","[{""weight"":""250g Pack"",""price"":320,""stock"":50},{""weight"":""500g (Twin Pack)"",""price"":608,""stock"":40},{""weight"":""1 kg (Family Pack)"",""price"":1184,""stock"":30}]"
"Tori","Vegetables",50,64,"500gm",100,"https://cdn.shopify.com/s/files/1/0551/4133/5088/products/tori.jpg?v=1642242966","Premium farm-fresh Tori. Naturally grown, handpicked, sanitized and packed under hygienic standards for optimal freshness and taste.","Direct Bhopal Contract Farms & Karond Krishi Mandi (MyGreenDelight Certified Harvest)","Keep refrigerated in vegetable crisper / airtight mesh bag","[{""weight"":""250g"",""price"":15,""stock"":50},{""weight"":""500g"",""price"":28,""stock"":60},{""weight"":""1 kg"",""price"":50,""stock"":80},{""weight"":""2 kg (Bulk Saver)"",""price"":95,""stock"":40},{""weight"":""5 kg (Society Sack)"",""price"":230,""stock"":25}]"
"Matar (Green Peas)","Vegetables",56,72,"250g",100,"https://cdn.shopify.com/s/files/1/0551/4133/5088/products/green-peas-500x500_1.jpg?v=1642230979","Premium farm-fresh Matar (Green Peas). Naturally grown, handpicked, sanitized and packed under hygienic standards for optimal freshness and taste.","Direct Bhopal Contract Farms & Karond Krishi Mandi (MyGreenDelight Certified Harvest)","Keep refrigerated in vegetable crisper / airtight mesh bag","[{""weight"":""250g Pack"",""price"":56,""stock"":50},{""weight"":""500g (Twin Pack)"",""price"":106,""stock"":40},{""weight"":""1 kg (Family Pack)"",""price"":207,""stock"":30}]"
"Palak","Vegetables",150,192,"1kg",100,"https://cdn.shopify.com/s/files/1/0551/4133/5088/products/1515419-01.jpg?v=1642262466","Premium farm-fresh Palak. Naturally grown, handpicked, sanitized and packed under hygienic standards for optimal freshness and taste.","Direct Bhopal Contract Farms & Karond Krishi Mandi (MyGreenDelight Certified Harvest)","Keep refrigerated in vegetable crisper / airtight mesh bag","[{""weight"":""250g"",""price"":45,""stock"":50},{""weight"":""500g"",""price"":83,""stock"":60},{""weight"":""1 kg"",""price"":150,""stock"":80},{""weight"":""2 kg (Bulk Saver)"",""price"":285,""stock"":40},{""weight"":""5 kg (Society Sack)"",""price"":690,""stock"":25}]"
"Mushroom Box","Exotics",70,90,"1box",100,"https://cdn.shopify.com/s/files/1/0551/4133/5088/products/1615630141388_variant_5c80d9cad8b2f755a2d44035_1_1.jpg?v=1642237216","Premium farm-fresh Mushroom Box. Naturally grown, handpicked, sanitized and packed under hygienic standards for optimal freshness and taste.","Direct Bhopal Contract Farms & Karond Krishi Mandi (MyGreenDelight Certified Harvest)","Store in a cool dry fruit basket at room temperature","[{""weight"":""1 Box (125g)"",""price"":70,""stock"":40},{""weight"":""2 Boxes (250g Duo)"",""price"":133,""stock"":30}]"
"Kundru (कुंदरू)","Vegetables",71,91,"500gm",100,"https://cdn.shopify.com/s/files/1/0551/4133/5088/products/ivy-gourd-500x500_1.jpg?v=1642151390","Farm fresh Kundru (कुंदरू) directly from Bhopal farmers & local mandis. Chemical-free, pesticide-monitored, handpicked and ozone washed for maximum purity and taste.","Direct Bhopal Contract Farms & Karond Krishi Mandi (MyGreenDelight Certified Harvest)","Keep refrigerated in vegetable crisper / airtight mesh bag","[{""weight"":""250g"",""price"":21,""stock"":50},{""weight"":""500g"",""price"":39,""stock"":60},{""weight"":""1 kg"",""price"":71,""stock"":80},{""weight"":""2 kg (Bulk Saver)"",""price"":135,""stock"":40},{""weight"":""5 kg (Society Sack)"",""price"":327,""stock"":25}]"
"Ginger New","Vegetables",70,90,"250gm",100,"https://cdn.shopify.com/s/files/1/0551/4133/5088/products/GingerNew.jpg?v=1646299752","Premium farm-fresh Ginger New. Naturally grown, handpicked, sanitized and packed under hygienic standards for optimal freshness and taste.","Direct Bhopal Contract Farms & Karond Krishi Mandi (MyGreenDelight Certified Harvest)","Keep refrigerated in vegetable crisper / airtight mesh bag","[{""weight"":""250g Pack"",""price"":70,""stock"":50},{""weight"":""500g (Twin Pack)"",""price"":133,""stock"":40},{""weight"":""1 kg (Family Pack)"",""price"":259,""stock"":30}]"
"Dhaniya","Vegetables",38,49,"250gm",100,"https://cdn.shopify.com/s/files/1/0551/4133/5088/products/Coriander_Dhaniya_1.jpg?v=1641976599","Premium farm-fresh Dhaniya. Naturally grown, handpicked, sanitized and packed under hygienic standards for optimal freshness and taste.","Direct Bhopal Contract Farms & Karond Krishi Mandi (MyGreenDelight Certified Harvest)","Keep refrigerated in vegetable crisper / airtight mesh bag","[{""weight"":""250g Pack"",""price"":38,""stock"":50},{""weight"":""500g (Twin Pack)"",""price"":72,""stock"":40},{""weight"":""1 kg (Family Pack)"",""price"":141,""stock"":30}]"
"Shimla Mirch (Capsicum)","Vegetables",30,38,"250gm",100,"https://cdn.shopify.com/s/files/1/0551/4133/5088/products/Capsicum-750x750_1.jpg?v=1642416876","Premium farm-fresh Shimla Mirch (Capsicum). Naturally grown, handpicked, sanitized and packed under hygienic standards for optimal freshness and taste.","Direct Bhopal Contract Farms & Karond Krishi Mandi (MyGreenDelight Certified Harvest)","Keep refrigerated in vegetable crisper / airtight mesh bag","[{""weight"":""250g Pack"",""price"":30,""stock"":50},{""weight"":""500g (Twin Pack)"",""price"":57,""stock"":40},{""weight"":""1 kg (Family Pack)"",""price"":111,""stock"":30}]"
"Zuchini Green","Vegetables",78,100,"300Gms",100,"https://cdn.shopify.com/s/files/1/0551/4133/5088/products/Zucchinigrn.jpg?v=1642233306","Premium farm-fresh Zuchini Green. Naturally grown, handpicked, sanitized and packed under hygienic standards for optimal freshness and taste.","Direct Bhopal Contract Farms & Karond Krishi Mandi (MyGreenDelight Certified Harvest)","Keep refrigerated in vegetable crisper / airtight mesh bag","[{""weight"":""250g"",""price"":23,""stock"":50},{""weight"":""500g"",""price"":43,""stock"":60},{""weight"":""1 kg"",""price"":78,""stock"":80},{""weight"":""2 kg (Bulk Saver)"",""price"":148,""stock"":40},{""weight"":""5 kg (Society Sack)"",""price"":359,""stock"":25}]"
"Loki Long","Vegetables",50,64,"500gm",100,"https://cdn.shopify.com/s/files/1/0551/4133/5088/products/loki-long-freshproduceshoppe-1024x1024_1.jpg?v=1642154522","Premium farm-fresh Loki Long. Naturally grown, handpicked, sanitized and packed under hygienic standards for optimal freshness and taste.","Direct Bhopal Contract Farms & Karond Krishi Mandi (MyGreenDelight Certified Harvest)","Keep refrigerated in vegetable crisper / airtight mesh bag","[{""weight"":""250g"",""price"":15,""stock"":50},{""weight"":""500g"",""price"":28,""stock"":60},{""weight"":""1 kg"",""price"":50,""stock"":80},{""weight"":""2 kg (Bulk Saver)"",""price"":95,""stock"":40},{""weight"":""5 kg (Society Sack)"",""price"":230,""stock"":25}]"
"Lasan Desi","Vegetables",70,90,"250Gms",100,"https://cdn.shopify.com/s/files/1/0551/4133/5088/products/garlic-desi-1024x1024_1.jpg?v=1642151823","Premium farm-fresh Lasan Desi. Naturally grown, handpicked, sanitized and packed under hygienic standards for optimal freshness and taste.","Direct Bhopal Contract Farms & Karond Krishi Mandi (MyGreenDelight Certified Harvest)","Keep refrigerated in vegetable crisper / airtight mesh bag","[{""weight"":""250g Pack"",""price"":70,""stock"":50},{""weight"":""500g (Twin Pack)"",""price"":133,""stock"":40},{""weight"":""1 kg (Family Pack)"",""price"":259,""stock"":30}]"
"Chukander","Vegetables",45,58,"500gm",100,"https://cdn.shopify.com/s/files/1/0551/4133/5088/products/vFUqmU4J_400x400_1.jpg?v=1641640288","Premium farm-fresh Chukander. Naturally grown, handpicked, sanitized and packed under hygienic standards for optimal freshness and taste.","Direct Bhopal Contract Farms & Karond Krishi Mandi (MyGreenDelight Certified Harvest)","Keep refrigerated in vegetable crisper / airtight mesh bag","[{""weight"":""250g"",""price"":14,""stock"":50},{""weight"":""500g"",""price"":25,""stock"":60},{""weight"":""1 kg"",""price"":45,""stock"":80},{""weight"":""2 kg (Bulk Saver)"",""price"":86,""stock"":40},{""weight"":""5 kg (Society Sack)"",""price"":207,""stock"":25}]"
"Arbi ( अरबी)","Vegetables",69,88,"500Gms",100,"https://cdn.shopify.com/s/files/1/0551/4133/5088/products/arbi-600x600-500x500.png?v=1641538546","Fresh and Nutritious Arbi (अरबी) – Perfect for Your Kitchen!Discover the earthy goodness of Arbi (अरबी), a versatile and nutrient-rich root vegetable available exclusively at E-Vegetable Bazaar. Loved for its rich texture and unique flavor, Arbi is a staple ingredient in Indian households and a must","Direct Bhopal Contract Farms & Karond Krishi Mandi (MyGreenDelight Certified Harvest)","Keep refrigerated in vegetable crisper / airtight mesh bag","[{""weight"":""250g"",""price"":21,""stock"":50},{""weight"":""500g"",""price"":38,""stock"":60},{""weight"":""1 kg"",""price"":69,""stock"":80},{""weight"":""2 kg (Bulk Saver)"",""price"":131,""stock"":40},{""weight"":""5 kg (Society Sack)"",""price"":317,""stock"":25}]"
"Amla (Small)","Vegetables",90,115,"250Gms",100,"https://cdn.shopify.com/s/files/1/0551/4133/5088/products/amla-fresh-3.jpg?v=1641460181","Amla, also known as Indian Gooseberry (scientific name Phyllanthus emblica), is a small, round fruit with a vibrant green color and a slightly sour, tangy taste. It is rich in Vitamin C, antioxidants, and other essential nutrients, making it a highly valued fruit in Ayurveda and traditional medicine","Direct Bhopal Contract Farms & Karond Krishi Mandi (MyGreenDelight Certified Harvest)","Keep refrigerated in vegetable crisper / airtight mesh bag","[{""weight"":""250g Pack"",""price"":90,""stock"":50},{""weight"":""500g (Twin Pack)"",""price"":171,""stock"":40},{""weight"":""1 kg (Family Pack)"",""price"":333,""stock"":30}]"
"Khira Banglore","Vegetables",50,64,"500gm",100,"https://cdn.shopify.com/s/files/1/0551/4133/5088/products/1638945566865_variant_5bffa3317978096c909f650a_1_1.jpg?v=1642071882","Premium farm-fresh Khira Banglore. Naturally grown, handpicked, sanitized and packed under hygienic standards for optimal freshness and taste.","Direct Bhopal Contract Farms & Karond Krishi Mandi (MyGreenDelight Certified Harvest)","Keep refrigerated in vegetable crisper / airtight mesh bag","[{""weight"":""250g"",""price"":15,""stock"":50},{""weight"":""500g"",""price"":28,""stock"":60},{""weight"":""1 kg"",""price"":50,""stock"":80},{""weight"":""2 kg (Bulk Saver)"",""price"":95,""stock"":40},{""weight"":""5 kg (Society Sack)"",""price"":230,""stock"":25}]"
"Papita","Fruits",95,122,"1kg",100,"https://cdn.shopify.com/s/files/1/0551/4133/5088/products/PapayaRipe_394x_1.jpg?v=1642262585","Premium farm-fresh Papita. Naturally grown, handpicked, sanitized and packed under hygienic standards for optimal freshness and taste.","Direct Bhopal Contract Farms & Karond Krishi Mandi (MyGreenDelight Certified Harvest)","Keep refrigerated in vegetable crisper / airtight mesh bag","[{""weight"":""250g"",""price"":29,""stock"":50},{""weight"":""500g"",""price"":52,""stock"":60},{""weight"":""1 kg"",""price"":95,""stock"":80},{""weight"":""2 kg (Bulk Saver)"",""price"":181,""stock"":40},{""weight"":""5 kg (Society Sack)"",""price"":437,""stock"":25}]"
"Zuchini Yellow","Vegetables",78,100,"300Gms",100,"https://cdn.shopify.com/s/files/1/0551/4133/5088/products/ZuchiniYellow.jpg?v=1642233126","Premium farm-fresh Zuchini Yellow. Naturally grown, handpicked, sanitized and packed under hygienic standards for optimal freshness and taste.","Direct Bhopal Contract Farms & Karond Krishi Mandi (MyGreenDelight Certified Harvest)","Keep refrigerated in vegetable crisper / airtight mesh bag","[{""weight"":""250g"",""price"":23,""stock"":50},{""weight"":""500g"",""price"":43,""stock"":60},{""weight"":""1 kg"",""price"":78,""stock"":80},{""weight"":""2 kg (Bulk Saver)"",""price"":148,""stock"":40},{""weight"":""5 kg (Society Sack)"",""price"":359,""stock"":25}]"
"Cherry Tomato","Exotics",90,115,"200Gms",100,"https://cdn.shopify.com/s/files/1/0551/4133/5088/products/Cherry-Tomatoes_1.jpg?v=1641637829","Premium farm-fresh Cherry Tomato. Naturally grown, handpicked, sanitized and packed under hygienic standards for optimal freshness and taste.","Direct Bhopal Contract Farms & Karond Krishi Mandi (MyGreenDelight Certified Harvest)","Store in a cool dry fruit basket at room temperature","[{""weight"":""250g Pack"",""price"":27,""stock"":40},{""weight"":""500g Pack"",""price"":50,""stock"":50},{""weight"":""1 kg Pack"",""price"":90,""stock"":60}]"
"Tomato Banglore","Vegetables",13,17,"250gm",100,"https://cdn.shopify.com/s/files/1/0551/4133/5088/products/banglore-tomato.jpg?v=1642242992","Premium farm-fresh Tomato Banglore. Naturally grown, handpicked, sanitized and packed under hygienic standards for optimal freshness and taste.","Direct Bhopal Contract Farms & Karond Krishi Mandi (MyGreenDelight Certified Harvest)","Keep refrigerated in vegetable crisper / airtight mesh bag","[{""weight"":""250g Pack"",""price"":15,""stock"":50},{""weight"":""500g (Twin Pack)"",""price"":29,""stock"":40},{""weight"":""1 kg (Family Pack)"",""price"":56,""stock"":30}]"
"Parmal","Vegetables",60,77,"500gm",100,"https://cdn.shopify.com/s/files/1/0551/4133/5088/products/3-5_1.jpg?v=1642262812","Premium farm-fresh Parmal. Naturally grown, handpicked, sanitized and packed under hygienic standards for optimal freshness and taste.","Direct Bhopal Contract Farms & Karond Krishi Mandi (MyGreenDelight Certified Harvest)","Keep refrigerated in vegetable crisper / airtight mesh bag","[{""weight"":""250g"",""price"":18,""stock"":50},{""weight"":""500g"",""price"":33,""stock"":60},{""weight"":""1 kg"",""price"":60,""stock"":80},{""weight"":""2 kg (Bulk Saver)"",""price"":114,""stock"":40},{""weight"":""5 kg (Society Sack)"",""price"":276,""stock"":25}]"
"Aloo Goli","Vegetables",50,64,"1kg",100,"https://cdn.shopify.com/s/files/1/0551/4133/5088/products/aloogoli-freshproduceshopp-1024x1024.png?v=1641374541","Premium farm-fresh Aloo Goli. Naturally grown, handpicked, sanitized and packed under hygienic standards for optimal freshness and taste.","Direct Bhopal Contract Farms & Karond Krishi Mandi (MyGreenDelight Certified Harvest)","Keep refrigerated in vegetable crisper / airtight mesh bag","[{""weight"":""250g"",""price"":15,""stock"":50},{""weight"":""500g"",""price"":28,""stock"":60},{""weight"":""1 kg"",""price"":50,""stock"":80},{""weight"":""2 kg (Bulk Saver)"",""price"":95,""stock"":40},{""weight"":""5 kg (Society Sack)"",""price"":230,""stock"":25}]"
"Achari Mirch Hari","Vegetables",48,61,"250Gms",100,"https://cdn.shopify.com/s/files/1/0551/4133/5088/products/acharimirchhari-freshproduc-1024x1024.png?v=1641284440","Premium farm-fresh Achari Mirch Hari. Naturally grown, handpicked, sanitized and packed under hygienic standards for optimal freshness and taste.","Direct Bhopal Contract Farms & Karond Krishi Mandi (MyGreenDelight Certified Harvest)","Keep refrigerated in vegetable crisper / airtight mesh bag","[{""weight"":""250g Pack"",""price"":48,""stock"":50},{""weight"":""500g (Twin Pack)"",""price"":91,""stock"":40},{""weight"":""1 kg (Family Pack)"",""price"":178,""stock"":30}]"
"Mint/pudina","Vegetables",15,19,"1 kg",100,"https://cdn.shopify.com/s/files/1/0551/4133/5088/products/buy-fresh-mint-leaves-online-bangalore-India-2hrsdelivery.in__1.jpg?v=1642236424","Premium farm-fresh Mint/pudina. Naturally grown, handpicked, sanitized and packed under hygienic standards for optimal freshness and taste.","Direct Bhopal Contract Farms & Karond Krishi Mandi (MyGreenDelight Certified Harvest)","Keep refrigerated in vegetable crisper / airtight mesh bag","[{""weight"":""250g"",""price"":10,""stock"":50},{""weight"":""500g"",""price"":15,""stock"":60},{""weight"":""1 kg"",""price"":15,""stock"":80},{""weight"":""2 kg (Bulk Saver)"",""price"":29,""stock"":40},{""weight"":""5 kg (Society Sack)"",""price"":69,""stock"":25}]"
"Karela (करेला )","Vegetables",68,87,"250gm",100,"https://cdn.shopify.com/s/files/1/0551/4133/5088/products/karela.jpg?v=1642154291","100% farm-fresh Karela (करेला ) sourced daily from trusted local Bhopal & MP farmers. Graded for premium quality, crisp texture, and natural freshness.","Direct Bhopal Contract Farms & Karond Krishi Mandi (MyGreenDelight Certified Harvest)","Keep refrigerated in vegetable crisper / airtight mesh bag","[{""weight"":""250g Pack"",""price"":68,""stock"":50},{""weight"":""500g (Twin Pack)"",""price"":129,""stock"":40},{""weight"":""1 kg (Family Pack)"",""price"":252,""stock"":30}]"
"Iceberg Lettuce","Exotics",135,173,"300gm",100,"https://cdn.shopify.com/s/files/1/0551/4133/5088/products/IcebergLettuce.png?v=1641984895","Premium farm-fresh Iceberg Lettuce. Naturally grown, handpicked, sanitized and packed under hygienic standards for optimal freshness and taste.","Direct Bhopal Contract Farms & Karond Krishi Mandi (MyGreenDelight Certified Harvest)","Store in a cool dry fruit basket at room temperature","[{""weight"":""250g Pack"",""price"":41,""stock"":40},{""weight"":""500g Pack"",""price"":74,""stock"":50},{""weight"":""1 kg Pack"",""price"":135,""stock"":60}]"
"beans (बीन्स)","Vegetables",95,122,"500Gms",100,"https://cdn.shopify.com/s/files/1/0551/4133/5088/products/Beans.jpg?v=1641546927","100% farm-fresh beans (बीन्स) sourced daily from trusted local Bhopal & MP farmers. Graded for premium quality, crisp texture, and natural freshness.","Direct Bhopal Contract Farms & Karond Krishi Mandi (MyGreenDelight Certified Harvest)","Keep refrigerated in vegetable crisper / airtight mesh bag","[{""weight"":""250g"",""price"":29,""stock"":50},{""weight"":""500g"",""price"":52,""stock"":60},{""weight"":""1 kg"",""price"":95,""stock"":80},{""weight"":""2 kg (Bulk Saver)"",""price"":181,""stock"":40},{""weight"":""5 kg (Society Sack)"",""price"":437,""stock"":25}]"
"Sprout","Vegetables",25,32,"1 kg",100,"https://cdn.shopify.com/s/files/1/0551/4133/5088/products/MoongKiDaal.jpg?v=1646229464","Premium farm-fresh Sprout. Naturally grown, handpicked, sanitized and packed under hygienic standards for optimal freshness and taste.","Direct Bhopal Contract Farms & Karond Krishi Mandi (MyGreenDelight Certified Harvest)","Keep refrigerated in vegetable crisper / airtight mesh bag","[{""weight"":""250g"",""price"":10,""stock"":50},{""weight"":""500g"",""price"":15,""stock"":60},{""weight"":""1 kg"",""price"":25,""stock"":80},{""weight"":""2 kg (Bulk Saver)"",""price"":48,""stock"":40},{""weight"":""5 kg (Society Sack)"",""price"":115,""stock"":25}]"
"Shimla Mirch Red Yellow (Bell Pepar)","Vegetables",135,173,"300gm",100,"https://cdn.shopify.com/s/files/1/0551/4133/5088/products/shimlared.jpg?v=1646463431","Premium farm-fresh Shimla Mirch Red Yellow (Bell Pepar). Naturally grown, handpicked, sanitized and packed under hygienic standards for optimal freshness and taste.","Direct Bhopal Contract Farms & Karond Krishi Mandi (MyGreenDelight Certified Harvest)","Keep refrigerated in vegetable crisper / airtight mesh bag","[{""weight"":""250g"",""price"":41,""stock"":50},{""weight"":""500g"",""price"":74,""stock"":60},{""weight"":""1 kg"",""price"":135,""stock"":80},{""weight"":""2 kg (Bulk Saver)"",""price"":257,""stock"":40},{""weight"":""5 kg (Society Sack)"",""price"":621,""stock"":25}]"
"Lal Bandgobhi","Vegetables",125,160,"500gm",100,"https://cdn.shopify.com/s/files/1/0551/4133/5088/products/redcabbage-freshproduceshoppe-1024x1024_1.jpg?v=1642151647","Premium farm-fresh Lal Bandgobhi. Naturally grown, handpicked, sanitized and packed under hygienic standards for optimal freshness and taste.","Direct Bhopal Contract Farms & Karond Krishi Mandi (MyGreenDelight Certified Harvest)","Keep refrigerated in vegetable crisper / airtight mesh bag","[{""weight"":""250g"",""price"":38,""stock"":50},{""weight"":""500g"",""price"":69,""stock"":60},{""weight"":""1 kg"",""price"":125,""stock"":80},{""weight"":""2 kg (Bulk Saver)"",""price"":238,""stock"":40},{""weight"":""5 kg (Society Sack)"",""price"":575,""stock"":25}]"
"Bandgobhi","Vegetables",40,51,"500gm",100,"https://cdn.shopify.com/s/files/1/0551/4133/5088/products/bandhgobhi.jpg?v=1641300178","Premium farm-fresh Bandgobhi. Naturally grown, handpicked, sanitized and packed under hygienic standards for optimal freshness and taste.","Direct Bhopal Contract Farms & Karond Krishi Mandi (MyGreenDelight Certified Harvest)","Keep refrigerated in vegetable crisper / airtight mesh bag","[{""weight"":""250g"",""price"":12,""stock"":50},{""weight"":""500g"",""price"":22,""stock"":60},{""weight"":""1 kg"",""price"":40,""stock"":80},{""weight"":""2 kg (Bulk Saver)"",""price"":76,""stock"":40},{""weight"":""5 kg (Society Sack)"",""price"":184,""stock"":25}]"
"Bhutta (Sweet Corn)","Exotics",50,64,"500gm",100,"https://cdn.shopify.com/s/files/1/0551/4133/5088/products/Bhutta.jpg?v=1641550274","Premium farm-fresh Bhutta (Sweet Corn). Naturally grown, handpicked, sanitized and packed under hygienic standards for optimal freshness and taste.","Direct Bhopal Contract Farms & Karond Krishi Mandi (MyGreenDelight Certified Harvest)","Store in a cool dry fruit basket at room temperature","[{""weight"":""250g Pack"",""price"":20,""stock"":40},{""weight"":""500g Pack"",""price"":35,""stock"":50},{""weight"":""1 kg Pack"",""price"":50,""stock"":60}]"
"Brinjal Small","Vegetables",50,64,"500gm",100,"https://cdn.shopify.com/s/files/1/0551/4133/5088/products/BrinjalSmall.jpg?v=1641299081","Premium farm-fresh Brinjal Small. Naturally grown, handpicked, sanitized and packed under hygienic standards for optimal freshness and taste.","Direct Bhopal Contract Farms & Karond Krishi Mandi (MyGreenDelight Certified Harvest)","Keep refrigerated in vegetable crisper / airtight mesh bag","[{""weight"":""250g"",""price"":15,""stock"":50},{""weight"":""500g"",""price"":28,""stock"":60},{""weight"":""1 kg"",""price"":50,""stock"":80},{""weight"":""2 kg (Bulk Saver)"",""price"":95,""stock"":40},{""weight"":""5 kg (Society Sack)"",""price"":230,""stock"":25}]"
"Brinjal Goal","Vegetables",60,77,"500gm",100,"https://cdn.shopify.com/s/files/1/0551/4133/5088/products/BrinjalGoal.jpg?v=1641560478","Premium farm-fresh Brinjal Goal. Naturally grown, handpicked, sanitized and packed under hygienic standards for optimal freshness and taste.","Direct Bhopal Contract Farms & Karond Krishi Mandi (MyGreenDelight Certified Harvest)","Keep refrigerated in vegetable crisper / airtight mesh bag","[{""weight"":""250g"",""price"":18,""stock"":50},{""weight"":""500g"",""price"":33,""stock"":60},{""weight"":""1 kg"",""price"":60,""stock"":80},{""weight"":""2 kg (Bulk Saver)"",""price"":114,""stock"":40},{""weight"":""5 kg (Society Sack)"",""price"":276,""stock"":25}]"
"Goli Onion","Vegetables",70,90,"1kg",100,"https://cdn.shopify.com/s/files/1/0551/4133/5088/products/GoliOnion.png?v=1641980343","Premium farm-fresh Goli Onion. Naturally grown, handpicked, sanitized and packed under hygienic standards for optimal freshness and taste.","Direct Bhopal Contract Farms & Karond Krishi Mandi (MyGreenDelight Certified Harvest)","Keep refrigerated in vegetable crisper / airtight mesh bag","[{""weight"":""250g"",""price"":21,""stock"":50},{""weight"":""500g"",""price"":39,""stock"":60},{""weight"":""1 kg"",""price"":70,""stock"":80},{""weight"":""2 kg (Bulk Saver)"",""price"":133,""stock"":40},{""weight"":""5 kg (Society Sack)"",""price"":322,""stock"":25}]"
"Baby Corn Pkt","Exotics",70,90,"1 kg",100,"https://cdn.shopify.com/s/files/1/0551/4133/5088/products/18590-02.png?v=1641540295","Premium farm-fresh Baby Corn Pkt. Naturally grown, handpicked, sanitized and packed under hygienic standards for optimal freshness and taste.","Direct Bhopal Contract Farms & Karond Krishi Mandi (MyGreenDelight Certified Harvest)","Store in a cool dry fruit basket at room temperature","[{""weight"":""250g Pack"",""price"":21,""stock"":40},{""weight"":""500g Pack"",""price"":39,""stock"":50},{""weight"":""1 kg Pack"",""price"":70,""stock"":60}]"
"Lasan China","Vegetables",95,122,"250Gms",100,"https://cdn.shopify.com/s/files/1/0551/4133/5088/products/lasan-china--1024x1024.jpg?v=1642151769","Premium farm-fresh Lasan China. Naturally grown, handpicked, sanitized and packed under hygienic standards for optimal freshness and taste.","Direct Bhopal Contract Farms & Karond Krishi Mandi (MyGreenDelight Certified Harvest)","Keep refrigerated in vegetable crisper / airtight mesh bag","[{""weight"":""250g Pack"",""price"":95,""stock"":50},{""weight"":""500g (Twin Pack)"",""price"":181,""stock"":40},{""weight"":""1 kg (Family Pack)"",""price"":352,""stock"":30}]"
"Bhindi","Vegetables",24,31,"250gm",100,"https://cdn.shopify.com/s/files/1/0551/4133/5088/products/Bhindi.jpg?v=1641547311","Premium farm-fresh Bhindi. Naturally grown, handpicked, sanitized and packed under hygienic standards for optimal freshness and taste.","Direct Bhopal Contract Farms & Karond Krishi Mandi (MyGreenDelight Certified Harvest)","Keep refrigerated in vegetable crisper / airtight mesh bag","[{""weight"":""250g Pack"",""price"":24,""stock"":50},{""weight"":""500g (Twin Pack)"",""price"":46,""stock"":40},{""weight"":""1 kg (Family Pack)"",""price"":89,""stock"":30}]"
"Pumpkin Green Small","Vegetables",70,90,"1kg",100,"https://cdn.shopify.com/s/files/1/0551/4133/5088/products/SitafalGreenSmall.jpg?v=1642415183","Premium farm-fresh Pumpkin Green Small. Naturally grown, handpicked, sanitized and packed under hygienic standards for optimal freshness and taste.","Direct Bhopal Contract Farms & Karond Krishi Mandi (MyGreenDelight Certified Harvest)","Keep refrigerated in vegetable crisper / airtight mesh bag","[{""weight"":""250g"",""price"":21,""stock"":50},{""weight"":""500g"",""price"":39,""stock"":60},{""weight"":""1 kg"",""price"":70,""stock"":80},{""weight"":""2 kg (Bulk Saver)"",""price"":133,""stock"":40},{""weight"":""5 kg (Society Sack)"",""price"":322,""stock"":25}]"
"Brinjal Long","Vegetables",50,64,"500gm",100,"https://cdn.shopify.com/s/files/1/0551/4133/5088/products/BrinjalLong.jpg?v=1641627205","Premium farm-fresh Brinjal Long. Naturally grown, handpicked, sanitized and packed under hygienic standards for optimal freshness and taste.","Direct Bhopal Contract Farms & Karond Krishi Mandi (MyGreenDelight Certified Harvest)","Keep refrigerated in vegetable crisper / airtight mesh bag","[{""weight"":""250g"",""price"":15,""stock"":50},{""weight"":""500g"",""price"":28,""stock"":60},{""weight"":""1 kg"",""price"":50,""stock"":80},{""weight"":""2 kg (Bulk Saver)"",""price"":95,""stock"":40},{""weight"":""5 kg (Society Sack)"",""price"":230,""stock"":25}]"
"Khira Desi","Vegetables",55,70,"500gm",100,"https://cdn.shopify.com/s/files/1/0551/4133/5088/products/desi-cucumber-500x500_1.jpg?v=1642071951","Premium farm-fresh Khira Desi. Naturally grown, handpicked, sanitized and packed under hygienic standards for optimal freshness and taste.","Direct Bhopal Contract Farms & Karond Krishi Mandi (MyGreenDelight Certified Harvest)","Keep refrigerated in vegetable crisper / airtight mesh bag","[{""weight"":""250g"",""price"":17,""stock"":50},{""weight"":""500g"",""price"":30,""stock"":60},{""weight"":""1 kg"",""price"":55,""stock"":80},{""weight"":""2 kg (Bulk Saver)"",""price"":105,""stock"":40},{""weight"":""5 kg (Society Sack)"",""price"":253,""stock"":25}]"
"Basil","Exotics",25,32,"100Gms",100,"https://cdn.shopify.com/s/files/1/0551/4133/5088/products/basil-leaves-500x500_1.jpg?v=1641546099","Premium farm-fresh Basil. Naturally grown, handpicked, sanitized and packed under hygienic standards for optimal freshness and taste.","Direct Bhopal Contract Farms & Karond Krishi Mandi (MyGreenDelight Certified Harvest)","Store in a cool dry fruit basket at room temperature","[{""weight"":""100g Pack"",""price"":25,""stock"":50},{""weight"":""200g (Twin Pack)"",""price"":48,""stock"":40},{""weight"":""500g (Chef Pack)"",""price"":113,""stock"":25}]"
"Nestle Activplus Dahi 400gm","Dairy & Staples",85,109,"1 kg",100,"https://cdn.shopify.com/s/files/1/0551/4133/5088/products/NestleActivplusDahi400gm.jpg?v=1645086490","Premium farm-fresh Nestle Activplus Dahi 400gm. Naturally grown, handpicked, sanitized and packed under hygienic standards for optimal freshness and taste.","Direct Bhopal Contract Farms & Karond Krishi Mandi (MyGreenDelight Certified Harvest)","Store in cool dry place or refrigerate dairy items below 4°C","[{""weight"":""500g Pack"",""price"":47,""stock"":50},{""weight"":""1 kg Pack"",""price"":85,""stock"":60},{""weight"":""2 kg Value Pack"",""price"":162,""stock"":40}]"
"Nestle Slim Dahi 400gm","Dairy & Staples",78,100,"1 kg",100,"https://cdn.shopify.com/s/files/1/0551/4133/5088/products/NestleSlimDahi400gm.jpg?v=1645086682","Premium farm-fresh Nestle Slim Dahi 400gm. Naturally grown, handpicked, sanitized and packed under hygienic standards for optimal freshness and taste.","Direct Bhopal Contract Farms & Karond Krishi Mandi (MyGreenDelight Certified Harvest)","Store in cool dry place or refrigerate dairy items below 4°C","[{""weight"":""500g Pack"",""price"":43,""stock"":50},{""weight"":""1 kg Pack"",""price"":78,""stock"":60},{""weight"":""2 kg Value Pack"",""price"":148,""stock"":40}]"
"Nestle A+ Nourish 400 Gm","Vegetables",70,90,"1 kg",100,"https://cdn.shopify.com/s/files/1/0551/4133/5088/products/NestleA_Nourish400Gm.jpg?v=1645089239","Premium farm-fresh Nestle A+ Nourish 400 Gm. Naturally grown, handpicked, sanitized and packed under hygienic standards for optimal freshness and taste.","Direct Bhopal Contract Farms & Karond Krishi Mandi (MyGreenDelight Certified Harvest)","Keep refrigerated in vegetable crisper / airtight mesh bag","[{""weight"":""250g"",""price"":21,""stock"":50},{""weight"":""500g"",""price"":39,""stock"":60},{""weight"":""1 kg"",""price"":70,""stock"":80},{""weight"":""2 kg (Bulk Saver)"",""price"":133,""stock"":40},{""weight"":""5 kg (Society Sack)"",""price"":322,""stock"":25}]"
"Nestle A+ Nourish 200gm","Vegetables",30,38,"1 kg",100,"https://cdn.shopify.com/s/files/1/0551/4133/5088/products/NestleA_Nourish400Gm_28591be3-e378-44e7-b1e5-6ea98878bd6b.jpg?v=1645089501","Premium farm-fresh Nestle A+ Nourish 200gm. Naturally grown, handpicked, sanitized and packed under hygienic standards for optimal freshness and taste.","Direct Bhopal Contract Farms & Karond Krishi Mandi (MyGreenDelight Certified Harvest)","Keep refrigerated in vegetable crisper / airtight mesh bag","[{""weight"":""250g"",""price"":10,""stock"":50},{""weight"":""500g"",""price"":17,""stock"":60},{""weight"":""1 kg"",""price"":30,""stock"":80},{""weight"":""2 kg (Bulk Saver)"",""price"":57,""stock"":40},{""weight"":""5 kg (Society Sack)"",""price"":138,""stock"":25}]"
"Organic Kashmir Tulsi White Honey 400gm","Dairy & Staples",645,826,"1 kg",100,"https://cdn.shopify.com/s/files/1/0551/4133/5088/products/OrganicKashmirTulsiWhiteHoney250gm_e60822f4-c5a6-4e01-9391-cd2f1f719a20.png?v=1647265305","Premium farm-fresh Organic Kashmir Tulsi White Honey 400gm. Naturally grown, handpicked, sanitized and packed under hygienic standards for optimal freshness and taste.","Direct Bhopal Contract Farms & Karond Krishi Mandi (MyGreenDelight Certified Harvest)","Store in cool dry place or refrigerate dairy items below 4°C","[{""weight"":""1 kg Pack"",""price"":129,""stock"":50},{""weight"":""5 kg Bag"",""price"":645,""stock"":40},{""weight"":""10 kg Mega Saver"",""price"":1258,""stock"":20}]"
"Dft Pista 500gm","Dairy & Staples",80,102,"1 kg",100,"https://cdn.shopify.com/s/files/1/0551/4133/5088/products/pista.jpg?v=1644846329","Premium farm-fresh Dft Pista 500gm. Naturally grown, handpicked, sanitized and packed under hygienic standards for optimal freshness and taste.","Direct Bhopal Contract Farms & Karond Krishi Mandi (MyGreenDelight Certified Harvest)","Keep refrigerated in vegetable crisper / airtight mesh bag","[{""weight"":""250g"",""price"":24,""stock"":50},{""weight"":""500g"",""price"":44,""stock"":60},{""weight"":""1 kg"",""price"":80,""stock"":80},{""weight"":""2 kg (Bulk Saver)"",""price"":152,""stock"":40},{""weight"":""5 kg (Society Sack)"",""price"":368,""stock"":25}]"
"Dft Cashew W-320 500gm","Dairy & Staples",280,358,"250g Pack",100,"https://cdn.shopify.com/s/files/1/0551/4133/5088/products/casheww320_c514f19c-9a5a-4e34-9f05-5eb6822d6b14.jpg?v=1642845386","Premium farm-fresh Dft Cashew W-320 500gm. Naturally grown, handpicked, sanitized and packed under hygienic standards for optimal freshness and taste.","Direct Bhopal Contract Farms & Karond Krishi Mandi (MyGreenDelight Certified Harvest)","Store in cool dry place or refrigerate dairy items below 4°C","[{""weight"":""250g Pack"",""price"":280,""stock"":50},{""weight"":""500g (Twin Pack)"",""price"":532,""stock"":40},{""weight"":""1 kg (Family Pack)"",""price"":1036,""stock"":30}]"
"Dft Cashew W-240 500gm","Dairy & Staples",280,358,"250g Pack",100,"https://cdn.shopify.com/s/files/1/0551/4133/5088/products/casheww240_d4caa0eb-0aee-40eb-b62b-8cf8c3555d7b.jpg?v=1642845337","Premium farm-fresh Dft Cashew W-240 500gm. Naturally grown, handpicked, sanitized and packed under hygienic standards for optimal freshness and taste.","Direct Bhopal Contract Farms & Karond Krishi Mandi (MyGreenDelight Certified Harvest)","Store in cool dry place or refrigerate dairy items below 4°C","[{""weight"":""250g Pack"",""price"":280,""stock"":50},{""weight"":""500g (Twin Pack)"",""price"":532,""stock"":40},{""weight"":""1 kg (Family Pack)"",""price"":1036,""stock"":30}]"
"Dft Cashew W-180 500gm","Dairy & Staples",280,358,"250g Pack",100,"https://cdn.shopify.com/s/files/1/0551/4133/5088/products/casheww180_b9b1769b-d1d2-48f6-b1c1-616460c1123e.png?v=1642845288","Premium farm-fresh Dft Cashew W-180 500gm. Naturally grown, handpicked, sanitized and packed under hygienic standards for optimal freshness and taste.","Direct Bhopal Contract Farms & Karond Krishi Mandi (MyGreenDelight Certified Harvest)","Store in cool dry place or refrigerate dairy items below 4°C","[{""weight"":""250g Pack"",""price"":280,""stock"":50},{""weight"":""500g (Twin Pack)"",""price"":532,""stock"":40},{""weight"":""1 kg (Family Pack)"",""price"":1036,""stock"":30}]"
"Petha White Small","Vegetables",70,90,"1kg",100,"https://cdn.shopify.com/s/files/1/0551/4133/5088/products/ashground-kumbalam-550x550-1_1.jpg?v=1642264266","Premium farm-fresh Petha White Small. Naturally grown, handpicked, sanitized and packed under hygienic standards for optimal freshness and taste.","Direct Bhopal Contract Farms & Karond Krishi Mandi (MyGreenDelight Certified Harvest)","Keep refrigerated in vegetable crisper / airtight mesh bag","[{""weight"":""250g"",""price"":21,""stock"":50},{""weight"":""500g"",""price"":39,""stock"":60},{""weight"":""1 kg"",""price"":70,""stock"":80},{""weight"":""2 kg (Bulk Saver)"",""price"":133,""stock"":40},{""weight"":""5 kg (Society Sack)"",""price"":322,""stock"":25}]"
"Thyme","Exotics",65,83,"100gm",100,"https://cdn.shopify.com/s/files/1/0551/4133/5088/products/Thyme.jpg?v=1642243045","Premium farm-fresh Thyme. Naturally grown, handpicked, sanitized and packed under hygienic standards for optimal freshness and taste.","Direct Bhopal Contract Farms & Karond Krishi Mandi (MyGreenDelight Certified Harvest)","Store in a cool dry fruit basket at room temperature","[{""weight"":""100g Pack"",""price"":65,""stock"":50},{""weight"":""200g (Twin Pack)"",""price"":124,""stock"":40},{""weight"":""500g (Chef Pack)"",""price"":293,""stock"":25}]"
"Lettuce in","Exotics",60,77,"0.5 kg",100,"https://mvfpune.com/wp-content/uploads/2025/06/buy-lettuce-online-pune.png","Fresh farm harvested Lettuce Online in | Fresh & Organic Lettuce Near Me. Naturally grown, pesticide-monitored, handpicked and ozone washed for maximum crispness and nutrition.","Direct Bhopal Contract Farms & Karond Krishi Mandi (MyGreenDelight Certified Harvest)","Store in a cool dry fruit basket at room temperature","[{""weight"":""250g Pack"",""price"":20,""stock"":40},{""weight"":""500g Pack"",""price"":35,""stock"":50},{""weight"":""1 kg Pack"",""price"":60,""stock"":60}]"
"Cherry Tomato in","Exotics",50,64,"0.5 kg",100,"https://mvfpune.com/wp-content/uploads/2025/06/cherry-tomato-online-order.png","Fresh farm harvested Cherry Tomato Online in | Organic Cherry Tomatoes Near Me. Naturally grown, pesticide-monitored, handpicked and ozone washed for maximum crispness and nutrition.","Direct Bhopal Contract Farms & Karond Krishi Mandi (MyGreenDelight Certified Harvest)","Store in a cool dry fruit basket at room temperature","[{""weight"":""250g Pack"",""price"":20,""stock"":40},{""weight"":""500g Pack"",""price"":35,""stock"":50},{""weight"":""1 kg Pack"",""price"":50,""stock"":60}]"
"Dobali Mirchi / Shimla Mirchi","Vegetables",60,77,"500gm",100,"https://mvfpune.com/wp-content/uploads/2023/01/buy-green-capsicum-online.webp","Fresh farm harvested Dobali Mirchi / Shimla Mirchi. Naturally grown, pesticide-monitored, handpicked and ozone washed for maximum crispness and nutrition.","Direct Bhopal Contract Farms & Karond Krishi Mandi (MyGreenDelight Certified Harvest)","Keep refrigerated in vegetable crisper / airtight mesh bag","[{""weight"":""250g"",""price"":18,""stock"":50},{""weight"":""500g"",""price"":33,""stock"":60},{""weight"":""1 kg"",""price"":60,""stock"":80},{""weight"":""2 kg (Bulk Saver)"",""price"":114,""stock"":40},{""weight"":""5 kg (Society Sack)"",""price"":276,""stock"":25}]"
"Cabbage in","Vegetables",40,51,"1 kg",100,"https://mvfpune.com/wp-content/uploads/2023/01/best-organic-cabbage-pune.webp","Fresh farm harvested Cabbage Online in | Order Fresh Patta Gobhi Near Me. Naturally grown, pesticide-monitored, handpicked and ozone washed for maximum crispness and nutrition.","Direct Bhopal Contract Farms & Karond Krishi Mandi (MyGreenDelight Certified Harvest)","Store in cool dry place or refrigerate dairy items below 4°C","[{""weight"":""500g Pack"",""price"":25,""stock"":50},{""weight"":""1 kg Pack"",""price"":40,""stock"":60},{""weight"":""2 kg Value Pack"",""price"":76,""stock"":40}]"
"Zucchini in","Exotics",60,77,"500gm",100,"https://mvfpune.com/wp-content/uploads/2025/06/zucchini-online-order.png","Fresh farm harvested Zucchini Online in | Fresh & Organic Zucchini Near Me. Naturally grown, pesticide-monitored, handpicked and ozone washed for maximum crispness and nutrition.","Direct Bhopal Contract Farms & Karond Krishi Mandi (MyGreenDelight Certified Harvest)","Store in a cool dry fruit basket at room temperature","[{""weight"":""250g Pack"",""price"":20,""stock"":40},{""weight"":""500g Pack"",""price"":35,""stock"":50},{""weight"":""1 kg Pack"",""price"":60,""stock"":60}]"
"Fresh Potatoes in","Vegetables",80,102,"2kg",100,"https://mvfpune.com/wp-content/uploads/2023/01/buy-fresh-potatoes-online.webp","Fresh farm harvested Fresh Potatoes Online in | Order Aloo & Batata Near Me. Naturally grown, pesticide-monitored, handpicked and ozone washed for maximum crispness and nutrition.","Direct Bhopal Contract Farms & Karond Krishi Mandi (MyGreenDelight Certified Harvest)","Keep refrigerated in vegetable crisper / airtight mesh bag","[{""weight"":""250g"",""price"":24,""stock"":50},{""weight"":""500g"",""price"":44,""stock"":60},{""weight"":""1 kg"",""price"":80,""stock"":80},{""weight"":""2 kg (Bulk Saver)"",""price"":152,""stock"":40},{""weight"":""5 kg (Society Sack)"",""price"":368,""stock"":25}]"
"Walnuts in","Dairy & Staples",320,410,"250g Pack",100,"https://mvfpune.com/wp-content/uploads/2025/06/Buy-Walnuts-Online-in-Pune.png","Fresh farm harvested Walnuts Online in | Fresh Akhrot & Dry Walnuts Near Me. Naturally grown, pesticide-monitored, handpicked and ozone washed for maximum crispness and nutrition.","Direct Bhopal Contract Farms & Karond Krishi Mandi (MyGreenDelight Certified Harvest)","Store in cool dry place or refrigerate dairy items below 4°C","[{""weight"":""250g Pack"",""price"":320,""stock"":50},{""weight"":""500g (Twin Pack)"",""price"":608,""stock"":40},{""weight"":""1 kg (Family Pack)"",""price"":1184,""stock"":30}]"
"Almonds in","Dairy & Staples",260,333,"250g Pack",100,"https://mvfpune.com/wp-content/uploads/2025/06/Buy-Almonds-Online-in-Pune.png","Fresh farm harvested Almonds Online in | Order Fresh Raw Badam Near Me. Naturally grown, pesticide-monitored, handpicked and ozone washed for maximum crispness and nutrition.","Direct Bhopal Contract Farms & Karond Krishi Mandi (MyGreenDelight Certified Harvest)","Store in cool dry place or refrigerate dairy items below 4°C","[{""weight"":""250g Pack"",""price"":260,""stock"":50},{""weight"":""500g (Twin Pack)"",""price"":494,""stock"":40},{""weight"":""1 kg (Family Pack)"",""price"":962,""stock"":30}]"
"Fresh Spinach in","Vegetables",35,45,"0.5 kg",100,"https://mvfpune.com/wp-content/uploads/2025/06/spinach-online-delivery.png","Fresh farm harvested Fresh Spinach Online in | Order Palak Leaves Near Me. Naturally grown, pesticide-monitored, handpicked and ozone washed for maximum crispness and nutrition.","Direct Bhopal Contract Farms & Karond Krishi Mandi (MyGreenDelight Certified Harvest)","Keep refrigerated in vegetable crisper / airtight mesh bag","[{""weight"":""250g"",""price"":11,""stock"":50},{""weight"":""500g"",""price"":19,""stock"":60},{""weight"":""1 kg"",""price"":35,""stock"":80},{""weight"":""2 kg (Bulk Saver)"",""price"":67,""stock"":40},{""weight"":""5 kg (Society Sack)"",""price"":161,""stock"":25}]"
"Ladyfinger (भिंडी)","Vegetables",63,81,"750-gm",100,"https://mvfpune.com/wp-content/uploads/2025/06/buy-ladyfingure-near-me.png","Fresh and Crisp Ladyfinger (भिंडी) - Perfect for Every Meal! Welcome to , your trusted destination for premium-quality produce! Our Ladyfinger (भिंडी) is handpicked to deliver the freshness and crunch you deserve. Whether you’re preparing a hearty stir-fry, a creamy curry, or a nutr","Direct Bhopal Contract Farms & Karond Krishi Mandi (MyGreenDelight Certified Harvest)","Keep refrigerated in vegetable crisper / airtight mesh bag","[{""weight"":""250g"",""price"":19,""stock"":50},{""weight"":""500g"",""price"":35,""stock"":60},{""weight"":""1 kg"",""price"":63,""stock"":80},{""weight"":""2 kg (Bulk Saver)"",""price"":120,""stock"":40},{""weight"":""5 kg (Society Sack)"",""price"":290,""stock"":25}]"
"Broccoli in","Exotics",160,205,"500gm",100,"https://mvfpune.com/wp-content/uploads/2023/02/buy-organic-broccoli-in-pune.webp","Fresh farm harvested Broccoli Online in | Fresh & Organic Broccoli Near Me. Naturally grown, pesticide-monitored, handpicked and ozone washed for maximum crispness and nutrition.","Direct Bhopal Contract Farms & Karond Krishi Mandi (MyGreenDelight Certified Harvest)","Store in a cool dry fruit basket at room temperature","[{""weight"":""250g Pack"",""price"":48,""stock"":40},{""weight"":""500g Pack"",""price"":88,""stock"":50},{""weight"":""1 kg Pack"",""price"":160,""stock"":60}]"
"Mushroom in","Exotics",60,77,"0.5 kg",100,"https://mvfpune.com/wp-content/uploads/2023/01/buy-mushroom-online.png","Fresh farm harvested Mushroom Online in | Fresh Organic Mushrooms Near Me. Naturally grown, pesticide-monitored, handpicked and ozone washed for maximum crispness and nutrition.","Direct Bhopal Contract Farms & Karond Krishi Mandi (MyGreenDelight Certified Harvest)","Store in a cool dry fruit basket at room temperature","[{""weight"":""250g Pack"",""price"":20,""stock"":40},{""weight"":""500g Pack"",""price"":35,""stock"":50},{""weight"":""1 kg Pack"",""price"":60,""stock"":60}]"
"Raisins in","Dairy & Staples",140,179,"250g Pack",100,"https://mvfpune.com/wp-content/uploads/2023/01/Buy-Golden-Raisins-Online.webp","Fresh farm harvested Raisins Online in | Dry Black & Yellow Kishmish Near Me. Naturally grown, pesticide-monitored, handpicked and ozone washed for maximum crispness and nutrition.","Direct Bhopal Contract Farms & Karond Krishi Mandi (MyGreenDelight Certified Harvest)","Store in cool dry place or refrigerate dairy items below 4°C","[{""weight"":""250g Pack"",""price"":140,""stock"":50},{""weight"":""500g (Twin Pack)"",""price"":266,""stock"":40},{""weight"":""1 kg (Family Pack)"",""price"":518,""stock"":30}]"
"Cashew Nuts in","Dairy & Staples",280,358,"250g Pack",100,"https://mvfpune.com/wp-content/uploads/2023/01/buy-organic-cashews-online.webp","Fresh farm harvested Cashew Nuts Online in | Fresh & Organic Kaju Near Me. Naturally grown, pesticide-monitored, handpicked and ozone washed for maximum crispness and nutrition.","Direct Bhopal Contract Farms & Karond Krishi Mandi (MyGreenDelight Certified Harvest)","Store in cool dry place or refrigerate dairy items below 4°C","[{""weight"":""250g Pack"",""price"":280,""stock"":50},{""weight"":""500g (Twin Pack)"",""price"":532,""stock"":40},{""weight"":""1 kg (Family Pack)"",""price"":1036,""stock"":30}]"
"Purple Cabbage in","Exotics",60,77,"0.5 kg",100,"https://mvfpune.com/wp-content/uploads/2023/01/organic-lal-kobi-pune.webp","Fresh farm harvested Purple Cabbage Online in | Fresh Red Cabbage Near Me. Naturally grown, pesticide-monitored, handpicked and ozone washed for maximum crispness and nutrition.","Direct Bhopal Contract Farms & Karond Krishi Mandi (MyGreenDelight Certified Harvest)","Keep refrigerated in vegetable crisper / airtight mesh bag","[{""weight"":""250g"",""price"":18,""stock"":50},{""weight"":""500g"",""price"":33,""stock"":60},{""weight"":""1 kg"",""price"":60,""stock"":80},{""weight"":""2 kg (Bulk Saver)"",""price"":114,""stock"":40},{""weight"":""5 kg (Society Sack)"",""price"":276,""stock"":25}]"
"Green Bitter Melon Gourd","Fruits",60,77,"500gm",100,"https://mvfpune.com/wp-content/uploads/2023/01/Buy-Green-Bitter-online.webp","Fresh farm harvested Green Bitter Melon Gourd. Naturally grown, pesticide-monitored, handpicked and ozone washed for maximum crispness and nutrition.","Direct Bhopal Contract Farms & Karond Krishi Mandi (MyGreenDelight Certified Harvest)","Store in a cool dry fruit basket at room temperature","[{""weight"":""250g"",""price"":18,""stock"":50},{""weight"":""500g"",""price"":33,""stock"":60},{""weight"":""1 kg"",""price"":60,""stock"":80},{""weight"":""2 kg (Bulk Saver)"",""price"":114,""stock"":40},{""weight"":""5 kg (Society Sack)"",""price"":276,""stock"":25}]"
"Thai Fresh Chili","Vegetables",300,384,"0-5kg",100,"https://mvfpune.com/wp-content/uploads/2023/01/buy-fresh-chilli-online.webp","Fresh farm harvested Thai Fresh Chili. Naturally grown, pesticide-monitored, handpicked and ozone washed for maximum crispness and nutrition.","Direct Bhopal Contract Farms & Karond Krishi Mandi (MyGreenDelight Certified Harvest)","Keep refrigerated in vegetable crisper / airtight mesh bag","[{""weight"":""250g"",""price"":90,""stock"":50},{""weight"":""500g"",""price"":165,""stock"":60},{""weight"":""1 kg"",""price"":300,""stock"":80},{""weight"":""2 kg (Bulk Saver)"",""price"":570,""stock"":40},{""weight"":""5 kg (Society Sack)"",""price"":1380,""stock"":25}]"
"Big Brinjal in","Vegetables",60,77,"500gm",100,"https://mvfpune.com/wp-content/uploads/2023/01/brinjal-long-purple-near-me.webp","Fresh farm harvested Big Brinjal Online in | Order Fresh Bharit Vangi. Naturally grown, pesticide-monitored, handpicked and ozone washed for maximum crispness and nutrition.","Direct Bhopal Contract Farms & Karond Krishi Mandi (MyGreenDelight Certified Harvest)","Keep refrigerated in vegetable crisper / airtight mesh bag","[{""weight"":""250g"",""price"":18,""stock"":50},{""weight"":""500g"",""price"":33,""stock"":60},{""weight"":""1 kg"",""price"":60,""stock"":80},{""weight"":""2 kg (Bulk Saver)"",""price"":114,""stock"":40},{""weight"":""5 kg (Society Sack)"",""price"":276,""stock"":25}]"
"Fresh Ratnagiri Alphonso","Fruits",80,102,"1 Dozen / 1 kg",100,"https://mvfpune.com/wp-content/uploads/2026/01/Ratnagiri-Hapus-8-Dz.png","Fresh farm harvested Fresh Ratnagiri Alphonso Online | Purchase Ratnagiri Hapus. Naturally grown, pesticide-monitored, handpicked and ozone washed for maximum crispness and nutrition.","Direct Bhopal Contract Farms & Karond Krishi Mandi (MyGreenDelight Certified Harvest)","Keep refrigerated in vegetable crisper / airtight mesh bag","[{""weight"":""1 Pc"",""price"":80,""stock"":50},{""weight"":""2 Pcs Pack"",""price"":152,""stock"":40},{""weight"":""4 Pcs Family Pack"",""price"":296,""stock"":30}]"
"Asparagus in","Exotics",600,768,"500gm",100,"https://mvfpune.com/wp-content/uploads/2026/03/asparagus-fruit-1.png","Fresh farm harvested Asparagus Online in | Order Fresh Asparagus. Naturally grown, pesticide-monitored, handpicked and ozone washed for maximum crispness and nutrition.","Direct Bhopal Contract Farms & Karond Krishi Mandi (MyGreenDelight Certified Harvest)","Store in a cool dry fruit basket at room temperature","[{""weight"":""250g Pack"",""price"":180,""stock"":40},{""weight"":""500g Pack"",""price"":330,""stock"":50},{""weight"":""1 kg Pack"",""price"":600,""stock"":60}]"
"Amrut Payari Mangoes","Fruits",220,282,"250g",100,"https://mvfpune.com/wp-content/uploads/2026/01/Buy-amrut-payri-mango.png","Fresh farm harvested Amrut Payari Mangoes Online | Organic Payri. Naturally grown, pesticide-monitored, handpicked and ozone washed for maximum crispness and nutrition.","Direct Bhopal Contract Farms & Karond Krishi Mandi (MyGreenDelight Certified Harvest)","Store in a cool dry fruit basket at room temperature","[{""weight"":""250g Pack"",""price"":220,""stock"":50},{""weight"":""500g (Twin Pack)"",""price"":418,""stock"":40},{""weight"":""1 kg (Family Pack)"",""price"":814,""stock"":30}]"
"Ratnagiri Alphonso Mangoes in PCMC","Fruits",480,614,"1 Dozen / 1 kg",100,"https://mvfpune.com/wp-content/uploads/2026/01/Ratnagiri-Hapus-6-Dz.png","Fresh farm harvested Ratnagiri Alphonso Mangoes in PCMC | Best Ratnagiri Hapus. Naturally grown, pesticide-monitored, handpicked and ozone washed for maximum crispness and nutrition.","Direct Bhopal Contract Farms & Karond Krishi Mandi (MyGreenDelight Certified Harvest)","Store in a cool dry fruit basket at room temperature","[{""weight"":""1 Pc"",""price"":480,""stock"":50},{""weight"":""2 Pcs Pack"",""price"":912,""stock"":40},{""weight"":""4 Pcs Family Pack"",""price"":1776,""stock"":30}]"
"Ratnagiri Alphonso in","Fruits",480,614,"1 Dozen / 1 kg",100,"https://mvfpune.com/wp-content/uploads/2026/01/Ratnagiri-Hapus-5-Dz.png","Fresh farm harvested Ratnagiri Alphonso Seller in | Ratnagiri Alphonso Mangoes Price. Naturally grown, pesticide-monitored, handpicked and ozone washed for maximum crispness and nutrition.","Direct Bhopal Contract Farms & Karond Krishi Mandi (MyGreenDelight Certified Harvest)","Store in cool dry place or refrigerate dairy items below 4°C","[{""weight"":""1 Pc"",""price"":480,""stock"":50},{""weight"":""2 Pcs Pack"",""price"":912,""stock"":40},{""weight"":""4 Pcs Family Pack"",""price"":1776,""stock"":30}]"
"Ratnagiri Alphonso Mangoes","Fruits",480,614,"1 Dozen / 1 kg",100,"https://mvfpune.com/wp-content/uploads/2026/01/Ratnagiri-Hapus-18-Mangoes.png","Fresh farm harvested Ratnagiri Alphonso Mangoes Online | Ratnagiri Hapus Mango in . Naturally grown, pesticide-monitored, handpicked and ozone washed for maximum crispness and nutrition.","Direct Bhopal Contract Farms & Karond Krishi Mandi (MyGreenDelight Certified Harvest)","Store in a cool dry fruit basket at room temperature","[{""weight"":""1 Pc"",""price"":480,""stock"":50},{""weight"":""2 Pcs Pack"",""price"":912,""stock"":40},{""weight"":""4 Pcs Family Pack"",""price"":1776,""stock"":30}]"
"Best Devgad Hapus Mangoes in","Fruits",480,614,"1 Dozen / 1 kg",100,"https://mvfpune.com/wp-content/uploads/2026/01/Devgad-Alphonso-7-DZ.png","Fresh farm harvested Best Devgad Hapus Mangoes in | Fresh Mangoes in . Naturally grown, pesticide-monitored, handpicked and ozone washed for maximum crispness and nutrition.","Direct Bhopal Contract Farms & Karond Krishi Mandi (MyGreenDelight Certified Harvest)","Store in a cool dry fruit basket at room temperature","[{""weight"":""1 Pc"",""price"":480,""stock"":50},{""weight"":""2 Pcs Pack"",""price"":912,""stock"":40},{""weight"":""4 Pcs Family Pack"",""price"":1776,""stock"":30}]"
"Organic Devgad Alphonso Mangoes","Fruits",480,614,"1 Dozen / 1 kg",100,"https://mvfpune.com/wp-content/uploads/2026/01/Devgad-Alphonso-18-Mango.png","Fresh farm harvested Devgad Alphonso Mangoes Online | Best Devgad Hapus in . Naturally grown, pesticide-monitored, handpicked and ozone washed for maximum crispness and nutrition.","Direct Bhopal Contract Farms & Karond Krishi Mandi (MyGreenDelight Certified Harvest)","Store in a cool dry fruit basket at room temperature","[{""weight"":""1 Pc"",""price"":480,""stock"":50},{""weight"":""2 Pcs Pack"",""price"":912,""stock"":40},{""weight"":""4 Pcs Family Pack"",""price"":1776,""stock"":30}]"
"Devgad Alphonso Mangoes In","Fruits",480,614,"1 Dozen / 1 kg",100,"https://mvfpune.com/wp-content/uploads/2026/01/Devgad-Alphonso-15-Mango-1.png","Fresh farm harvested Devgad Alphonso Mangoes In | Devgad Hapus Mango. Naturally grown, pesticide-monitored, handpicked and ozone washed for maximum crispness and nutrition.","Direct Bhopal Contract Farms & Karond Krishi Mandi (MyGreenDelight Certified Harvest)","Store in a cool dry fruit basket at room temperature","[{""weight"":""1 Pc"",""price"":480,""stock"":50},{""weight"":""2 Pcs Pack"",""price"":912,""stock"":40},{""weight"":""4 Pcs Family Pack"",""price"":1776,""stock"":30}]"
"Ratnagiri Amrut Payri in","Fruits",80,102,"1 kg",100,"https://mvfpune.com/wp-content/uploads/2026/01/Buy-amrut-payri-online.png","Fresh farm harvested Ratnagiri Amrut Payri in | Order Now. Naturally grown, pesticide-monitored, handpicked and ozone washed for maximum crispness and nutrition.","Direct Bhopal Contract Farms & Karond Krishi Mandi (MyGreenDelight Certified Harvest)","Keep refrigerated in vegetable crisper / airtight mesh bag","[{""weight"":""250g"",""price"":24,""stock"":50},{""weight"":""500g"",""price"":44,""stock"":60},{""weight"":""1 kg"",""price"":80,""stock"":80},{""weight"":""2 kg (Bulk Saver)"",""price"":152,""stock"":40},{""weight"":""5 kg (Society Sack)"",""price"":368,""stock"":25}]"
"Amrut Payari in","Vegetables",220,282,"250g",100,"https://mvfpune.com/wp-content/uploads/2026/01/amrut-payri-in-pune-1-1.png","Fresh farm harvested Amrut Payari in | Payari Mangoes. Naturally grown, pesticide-monitored, handpicked and ozone washed for maximum crispness and nutrition.","Direct Bhopal Contract Farms & Karond Krishi Mandi (MyGreenDelight Certified Harvest)","Store in a cool dry fruit basket at room temperature","[{""weight"":""250g Pack"",""price"":220,""stock"":50},{""weight"":""500g (Twin Pack)"",""price"":418,""stock"":40},{""weight"":""1 kg (Family Pack)"",""price"":814,""stock"":30}]"
"Gir Kesar Mangoes","Fruits",320,410,"1 kg",100,"https://mvfpune.com/wp-content/uploads/2026/01/Buy-giri-kesar-online.png","Fresh farm harvested Gir Kesar Mangoes Online | Best Kesar Mangoes in . Naturally grown, pesticide-monitored, handpicked and ozone washed for maximum crispness and nutrition.","Direct Bhopal Contract Farms & Karond Krishi Mandi (MyGreenDelight Certified Harvest)","Store in a cool dry fruit basket at room temperature","[{""weight"":""250g"",""price"":96,""stock"":50},{""weight"":""500g"",""price"":176,""stock"":60},{""weight"":""1 kg"",""price"":320,""stock"":80},{""weight"":""2 kg (Bulk Saver)"",""price"":608,""stock"":40},{""weight"":""5 kg (Society Sack)"",""price"":1472,""stock"":25}]"
"Kesar Mangoes in","Fruits",320,410,"1 kg",100,"https://mvfpune.com/wp-content/uploads/2026/01/Buy-Kesar-in-pune-online.png","Fresh farm harvested Kesar Mangoes Online in | Organic Kesar Mango. Naturally grown, pesticide-monitored, handpicked and ozone washed for maximum crispness and nutrition.","Direct Bhopal Contract Farms & Karond Krishi Mandi (MyGreenDelight Certified Harvest)","Store in a cool dry fruit basket at room temperature","[{""weight"":""250g"",""price"":96,""stock"":50},{""weight"":""500g"",""price"":176,""stock"":60},{""weight"":""1 kg"",""price"":320,""stock"":80},{""weight"":""2 kg (Bulk Saver)"",""price"":608,""stock"":40},{""weight"":""5 kg (Society Sack)"",""price"":1472,""stock"":25}]"
"Organic Sweet Peas","Vegetables",120,154,"750-gm",100,"https://mvfpune.com/wp-content/uploads/2023/01/Buy-Green-Peas-online.webp","Fresh farm harvested Organic Sweet Peas. Naturally grown, pesticide-monitored, handpicked and ozone washed for maximum crispness and nutrition.","Direct Bhopal Contract Farms & Karond Krishi Mandi (MyGreenDelight Certified Harvest)","Keep refrigerated in vegetable crisper / airtight mesh bag","[{""weight"":""250g"",""price"":36,""stock"":50},{""weight"":""500g"",""price"":66,""stock"":60},{""weight"":""1 kg"",""price"":120,""stock"":80},{""weight"":""2 kg (Bulk Saver)"",""price"":228,""stock"":40},{""weight"":""5 kg (Society Sack)"",""price"":552,""stock"":25}]"
"Chausa Mangoes in","Fruits",240,307,"1 kg",100,"https://mvfpune.com/wp-content/uploads/2025/07/buy-chaunsa-mango-online.png","Fresh farm harvested Chausa Mangoes in | Organic Chaunsa Mango. Naturally grown, pesticide-monitored, handpicked and ozone washed for maximum crispness and nutrition.","Direct Bhopal Contract Farms & Karond Krishi Mandi (MyGreenDelight Certified Harvest)","Store in a cool dry fruit basket at room temperature","[{""weight"":""250g"",""price"":72,""stock"":50},{""weight"":""500g"",""price"":132,""stock"":60},{""weight"":""1 kg"",""price"":240,""stock"":80},{""weight"":""2 kg (Bulk Saver)"",""price"":456,""stock"":40},{""weight"":""5 kg (Society Sack)"",""price"":1104,""stock"":25}]"
"Ratnagiri Hapus Mangoes in","Fruits",480,614,"1 Dozen / 1 kg",100,"https://mvfpune.com/wp-content/uploads/2026/01/Ratnagiri-Hapus-2Dz.png","Fresh farm harvested Ratnagiri Hapus Mangoes in | Ratnagiri Alphonso. Naturally grown, pesticide-monitored, handpicked and ozone washed for maximum crispness and nutrition.","Direct Bhopal Contract Farms & Karond Krishi Mandi (MyGreenDelight Certified Harvest)","Store in a cool dry fruit basket at room temperature","[{""weight"":""1 Pc"",""price"":480,""stock"":50},{""weight"":""2 Pcs Pack"",""price"":912,""stock"":40},{""weight"":""4 Pcs Family Pack"",""price"":1776,""stock"":30}]"
"Ratnagiri Alphonso Mangoes in","Fruits",480,614,"1 Dozen / 1 kg",100,"https://mvfpune.com/wp-content/uploads/2026/01/Ratnagiri-Hapus-1-Dz.png","Fresh farm harvested Ratnagiri Alphonso Mangoes in | Ratnagiri Hapus. Naturally grown, pesticide-monitored, handpicked and ozone washed for maximum crispness and nutrition.","Direct Bhopal Contract Farms & Karond Krishi Mandi (MyGreenDelight Certified Harvest)","Store in a cool dry fruit basket at room temperature","[{""weight"":""1 Pc"",""price"":480,""stock"":50},{""weight"":""2 Pcs Pack"",""price"":912,""stock"":40},{""weight"":""4 Pcs Family Pack"",""price"":1776,""stock"":30}]"
"Devgad Alphonso Mango","Fruits",480,614,"1 Dozen / 1 kg",100,"https://mvfpune.com/wp-content/uploads/2026/01/Devgad-Alphonso-2-Dz.png","Fresh farm harvested Order Devgad Alphonso Mango | Devgad Hapoos in . Naturally grown, pesticide-monitored, handpicked and ozone washed for maximum crispness and nutrition.","Direct Bhopal Contract Farms & Karond Krishi Mandi (MyGreenDelight Certified Harvest)","Store in a cool dry fruit basket at room temperature","[{""weight"":""1 Pc"",""price"":480,""stock"":50},{""weight"":""2 Pcs Pack"",""price"":912,""stock"":40},{""weight"":""4 Pcs Family Pack"",""price"":1776,""stock"":30}]"
"Avocado in","Exotics",150,192,"N/A",100,"https://mvfpune.com/wp-content/uploads/2025/06/buy-avocado-online.png","Fresh farm harvested Avocado Online in | Fresh & Organic Avocados Near Me. Naturally grown, pesticide-monitored, handpicked and ozone washed for maximum crispness and nutrition.","Direct Bhopal Contract Farms & Karond Krishi Mandi (MyGreenDelight Certified Harvest)","Store in a cool dry fruit basket at room temperature","[{""weight"":""250g Pack"",""price"":45,""stock"":40},{""weight"":""500g Pack"",""price"":83,""stock"":50},{""weight"":""1 kg Pack"",""price"":150,""stock"":60}]"
"Baby Corn in","Exotics",30,38,"0.5 kg",100,"https://mvfpune.com/wp-content/uploads/2025/06/baby-corn-online-order.png","Fresh farm harvested Baby Corn Online in | Fresh Organic Sweetcorn Near Me. Naturally grown, pesticide-monitored, handpicked and ozone washed for maximum crispness and nutrition.","Direct Bhopal Contract Farms & Karond Krishi Mandi (MyGreenDelight Certified Harvest)","Store in a cool dry fruit basket at room temperature","[{""weight"":""250g Pack"",""price"":20,""stock"":40},{""weight"":""500g Pack"",""price"":35,""stock"":50},{""weight"":""1 kg Pack"",""price"":30,""stock"":60}]"
"Apple Imported","Fruits",298,381,"1 Kg",100,"https://cdn.wholesalemandi.com/item-images/7acb038e-9b83-40f6-abb0-1df946d4c2e4_large.jpg","Deep red, crisp, and juicy. Each imported apple weighs 180–200g, perfect for a fresh, wholesome bite.","Direct Bhopal Contract Farms & Karond Krishi Mandi (MyGreenDelight Certified Harvest)","Store in a cool dry fruit basket at room temperature","[{""weight"":""250g"",""price"":89,""stock"":50},{""weight"":""500g"",""price"":164,""stock"":60},{""weight"":""1 kg"",""price"":298,""stock"":80},{""weight"":""2 kg (Bulk Saver)"",""price"":566,""stock"":40},{""weight"":""5 kg (Society Sack)"",""price"":1371,""stock"":25}]"
"Orange Imported","Fruits",159,204,"1 Kg",100,"https://cdn.wholesalemandi.com/item-images/614c5ef0-f32c-4d0c-a219-8105192b60ee_large.jpg","Sweet, tangy, and full of juice. Imported for premium quality.","Direct Bhopal Contract Farms & Karond Krishi Mandi (MyGreenDelight Certified Harvest)","Store in a cool dry fruit basket at room temperature","[{""weight"":""250g"",""price"":48,""stock"":50},{""weight"":""500g"",""price"":87,""stock"":60},{""weight"":""1 kg"",""price"":159,""stock"":80},{""weight"":""2 kg (Bulk Saver)"",""price"":302,""stock"":40},{""weight"":""5 kg (Society Sack)"",""price"":731,""stock"":25}]"
"Sweet Lime (मौसंमी)","Fruits",114,146,"1 Kg",100,"https://cdn.wholesalemandi.com/item-images/64715c0a-08ec-40bc-af8a-cf8abf74e72e_large.jpg","Sweet lime, also known as ""Mosambi"" in Hindi, is a delightful citrus fruit that is appreciated for its mildly sweet and tangy taste. It belongs to the Rutaceae family and is closely related to other citrus fruits like oranges and lemons. The sweet lime is predominantly grown in tropical and subtropi","Direct Bhopal Contract Farms & Karond Krishi Mandi (MyGreenDelight Certified Harvest)","Store in a cool dry fruit basket at room temperature","[{""weight"":""250g"",""price"":34,""stock"":50},{""weight"":""500g"",""price"":63,""stock"":60},{""weight"":""1 kg"",""price"":114,""stock"":80},{""weight"":""2 kg (Bulk Saver)"",""price"":217,""stock"":40},{""weight"":""5 kg (Society Sack)"",""price"":524,""stock"":25}]"
"Watermelon Kiran","Fruits",29,37,"1 Kg",100,"https://cdn.wholesalemandi.com/item-images/c1090a5e-15b8-4dcc-b83f-238ea9feb5cf_large.jpg","Fresh farm produce: Watermelon Kiran. High nutrition, naturally ripe, sourced direct from wholesale farm partners.","Direct Bhopal Contract Farms & Karond Krishi Mandi (MyGreenDelight Certified Harvest)","Store in a cool dry fruit basket at room temperature","[{""weight"":""250g"",""price"":10,""stock"":50},{""weight"":""500g"",""price"":16,""stock"":60},{""weight"":""1 kg"",""price"":29,""stock"":80},{""weight"":""2 kg (Bulk Saver)"",""price"":55,""stock"":40},{""weight"":""5 kg (Society Sack)"",""price"":133,""stock"":25}]"
"Watermelon Striped","Fruits",29,37,"1 Kg",100,"https://cdn.wholesalemandi.com/item-images/a88d4b45-96fb-49a7-bc4b-1fa40918f325_large.jpg","Fresh farm produce: Watermelon Striped. High nutrition, naturally ripe, sourced direct from wholesale farm partners.","Direct Bhopal Contract Farms & Karond Krishi Mandi (MyGreenDelight Certified Harvest)","Store in a cool dry fruit basket at room temperature","[{""weight"":""250g"",""price"":10,""stock"":50},{""weight"":""500g"",""price"":16,""stock"":60},{""weight"":""1 kg"",""price"":29,""stock"":80},{""weight"":""2 kg (Bulk Saver)"",""price"":55,""stock"":40},{""weight"":""5 kg (Society Sack)"",""price"":133,""stock"":25}]"
"Muskmelon (खरबूजा)","Fruits",32,41,"1 Kg",100,"https://cdn.wholesalemandi.com/item-images/d9c15aa2-668d-4e46-aa02-457eb2fecb25_large.jpg","Farm fresh Muskmelon (खरबूजा) directly from Bhopal farmers & local mandis. Chemical-free, pesticide-monitored, handpicked and ozone washed for maximum purity and taste.","Direct Bhopal Contract Farms & Karond Krishi Mandi (MyGreenDelight Certified Harvest)","Store in a cool dry fruit basket at room temperature","[{""weight"":""250g"",""price"":10,""stock"":50},{""weight"":""500g"",""price"":18,""stock"":60},{""weight"":""1 kg"",""price"":32,""stock"":80},{""weight"":""2 kg (Bulk Saver)"",""price"":61,""stock"":40},{""weight"":""5 kg (Society Sack)"",""price"":147,""stock"":25}]"
"Guava White","Fruits",89,114,"1 Kg",100,"https://cdn.wholesalemandi.com/item-images/207d749e-672f-47d6-b9e2-2cf54aba84a3_large.jpg","Fresh farm produce: Guava White. High nutrition, naturally ripe, sourced direct from wholesale farm partners.","Direct Bhopal Contract Farms & Karond Krishi Mandi (MyGreenDelight Certified Harvest)","Store in a cool dry fruit basket at room temperature","[{""weight"":""250g"",""price"":27,""stock"":50},{""weight"":""500g"",""price"":49,""stock"":60},{""weight"":""1 kg"",""price"":89,""stock"":80},{""weight"":""2 kg (Bulk Saver)"",""price"":169,""stock"":40},{""weight"":""5 kg (Society Sack)"",""price"":409,""stock"":25}]"
"Blueberry Imported","Fruits",229,293,"1 Box",100,"https://cdn.wholesalemandi.com/item-images/2eab8a93-9664-48f2-9db3-13a7bcd59588_large.jpg","Usually grown in the northern hemisphere, Blueberries have been shown in clinical trials to destroy belly fat! This super food show promise in fighting Type II Diabetes, heart disease, dementia and more.","Direct Bhopal Contract Farms & Karond Krishi Mandi (MyGreenDelight Certified Harvest)","Store in a cool dry fruit basket at room temperature","[{""weight"":""1 Box (125g)"",""price"":229,""stock"":40},{""weight"":""2 Boxes (250g Duo)"",""price"":435,""stock"":30}]"
"Chikku (Sapotta)","Fruits",119,152,"1 Kg",100,"https://cdn.wholesalemandi.com/item-images/fda12849-e681-4445-8062-72930dc0387a_large.jpg","Fresh farm produce: Chikku (Sapotta). High nutrition, naturally ripe, sourced direct from wholesale farm partners.","Direct Bhopal Contract Farms & Karond Krishi Mandi (MyGreenDelight Certified Harvest)","Store in a cool dry fruit basket at room temperature","[{""weight"":""250g"",""price"":36,""stock"":50},{""weight"":""500g"",""price"":65,""stock"":60},{""weight"":""1 kg"",""price"":119,""stock"":80},{""weight"":""2 kg (Bulk Saver)"",""price"":226,""stock"":40},{""weight"":""5 kg (Society Sack)"",""price"":547,""stock"":25}]"
"Kiwi Imported","Fruits",69,88,"1 Pc",100,"https://cdn.wholesalemandi.com/item-images/4dff02c9-4639-48b9-86aa-eb6ded5c13ab_large.jpg","Fresh farm produce: Kiwi Imported. High nutrition, naturally ripe, sourced direct from wholesale farm partners.","Direct Bhopal Contract Farms & Karond Krishi Mandi (MyGreenDelight Certified Harvest)","Store in a cool dry fruit basket at room temperature","[{""weight"":""1 Pc"",""price"":69,""stock"":50},{""weight"":""2 Pcs Pack"",""price"":131,""stock"":40},{""weight"":""4 Pcs Family Pack"",""price"":255,""stock"":30}]"
"Banana Red","Fruits",79,101,"1 Kg",100,"https://cdn.wholesalemandi.com/item-images/e6b8d12e-446b-4059-9e83-0e5db35ea88c_large.jpg","Unique red banana. Firm today, soft and sweet by next day.","Direct Bhopal Contract Farms & Karond Krishi Mandi (MyGreenDelight Certified Harvest)","Store in a cool dry fruit basket at room temperature","[{""weight"":""250g"",""price"":24,""stock"":50},{""weight"":""500g"",""price"":43,""stock"":60},{""weight"":""1 kg"",""price"":79,""stock"":80},{""weight"":""2 kg (Bulk Saver)"",""price"":150,""stock"":40},{""weight"":""5 kg (Society Sack)"",""price"":363,""stock"":25}]"
"Banana Yelakki","Fruits",79,101,"1 Kg",100,"https://cdn.wholesalemandi.com/item-images/478b54df-5e62-4c44-adb5-361d41377aa0_large.jpg","Bite-sized bananas, perfectly ripe in 24 hours.","Direct Bhopal Contract Farms & Karond Krishi Mandi (MyGreenDelight Certified Harvest)","Store in a cool dry fruit basket at room temperature","[{""weight"":""250g"",""price"":24,""stock"":50},{""weight"":""500g"",""price"":43,""stock"":60},{""weight"":""1 kg"",""price"":79,""stock"":80},{""weight"":""2 kg (Bulk Saver)"",""price"":150,""stock"":40},{""weight"":""5 kg (Society Sack)"",""price"":363,""stock"":25}]"
"Banana Nendram","Fruits",69,88,"1 Kg",100,"https://cdn.wholesalemandi.com/item-images/c002a244-3638-4654-b860-1f12e4d40988_large.jpg","Fresh farm produce: Banana Nendram. High nutrition, naturally ripe, sourced direct from wholesale farm partners.","Direct Bhopal Contract Farms & Karond Krishi Mandi (MyGreenDelight Certified Harvest)","Store in a cool dry fruit basket at room temperature","[{""weight"":""250g"",""price"":21,""stock"":50},{""weight"":""500g"",""price"":38,""stock"":60},{""weight"":""1 kg"",""price"":69,""stock"":80},{""weight"":""2 kg (Bulk Saver)"",""price"":131,""stock"":40},{""weight"":""5 kg (Society Sack)"",""price"":317,""stock"":25}]"
"Banana Poovan","Fruits",49,63,"1 Kg",100,"https://cdn.wholesalemandi.com/item-images/9983b438-40fc-4660-86b6-01e530d1bcee_large.jpg","Local favourite, ready to eat the next day.","Direct Bhopal Contract Farms & Karond Krishi Mandi (MyGreenDelight Certified Harvest)","Store in a cool dry fruit basket at room temperature","[{""weight"":""250g"",""price"":15,""stock"":50},{""weight"":""500g"",""price"":27,""stock"":60},{""weight"":""1 kg"",""price"":49,""stock"":80},{""weight"":""2 kg (Bulk Saver)"",""price"":93,""stock"":40},{""weight"":""5 kg (Society Sack)"",""price"":225,""stock"":25}]"
"Banana Morris (Robusta)","Fruits",48,61,"1 Kg",100,"https://cdn.wholesalemandi.com/item-images/aa9ff7a7-8843-469b-8af9-95f034bfb131_large.jpg","Classic variety, firm and filling. Best used the next day.","Direct Bhopal Contract Farms & Karond Krishi Mandi (MyGreenDelight Certified Harvest)","Store in a cool dry fruit basket at room temperature","[{""weight"":""250g"",""price"":14,""stock"":50},{""weight"":""500g"",""price"":26,""stock"":60},{""weight"":""1 kg"",""price"":48,""stock"":80},{""weight"":""2 kg (Bulk Saver)"",""price"":91,""stock"":40},{""weight"":""5 kg (Society Sack)"",""price"":221,""stock"":25}]"
"Mango Imam pasand (Himayath)","Fruits",189,242,"1 Kg",100,"https://cdn.wholesalemandi.com/item-images/c685e0d5-2f92-4bd0-a5c4-5ca4686c3d2b_large.jpg","Fresh farm produce: Mango Imam pasand (Himayath). High nutrition, naturally ripe, sourced direct from wholesale farm partners.","Direct Bhopal Contract Farms & Karond Krishi Mandi (MyGreenDelight Certified Harvest)","Store in a cool dry fruit basket at room temperature","[{""weight"":""250g"",""price"":57,""stock"":50},{""weight"":""500g"",""price"":104,""stock"":60},{""weight"":""1 kg"",""price"":189,""stock"":80},{""weight"":""2 kg (Bulk Saver)"",""price"":359,""stock"":40},{""weight"":""5 kg (Society Sack)"",""price"":869,""stock"":25}]"
"Thai Guava","Fruits",125,160,"1 Kg",100,"https://cdn.wholesalemandi.com/item-images/fda78caa-b4bc-44c7-8c4d-65df4925df24_large.jpg","Fresh farm produce: Thai Guava. High nutrition, naturally ripe, sourced direct from wholesale farm partners.","Direct Bhopal Contract Farms & Karond Krishi Mandi (MyGreenDelight Certified Harvest)","Store in a cool dry fruit basket at room temperature","[{""weight"":""250g"",""price"":38,""stock"":50},{""weight"":""500g"",""price"":69,""stock"":60},{""weight"":""1 kg"",""price"":125,""stock"":80},{""weight"":""2 kg (Bulk Saver)"",""price"":238,""stock"":40},{""weight"":""5 kg (Society Sack)"",""price"":575,""stock"":25}]"
"Mango Senthura","Fruits",69,88,"1 Kg",100,"https://cdn.wholesalemandi.com/item-images/8461608a-f7f2-426e-9714-24aad50710b9_large.jpg","Fresh farm produce: Mango Senthura. High nutrition, naturally ripe, sourced direct from wholesale farm partners.","Direct Bhopal Contract Farms & Karond Krishi Mandi (MyGreenDelight Certified Harvest)","Store in a cool dry fruit basket at room temperature","[{""weight"":""250g"",""price"":21,""stock"":50},{""weight"":""500g"",""price"":38,""stock"":60},{""weight"":""1 kg"",""price"":69,""stock"":80},{""weight"":""2 kg (Bulk Saver)"",""price"":131,""stock"":40},{""weight"":""5 kg (Society Sack)"",""price"":317,""stock"":25}]"
"Mango Banganapalli","Fruits",78,100,"1 Kg",100,"https://cdn.wholesalemandi.com/item-images/LmHxs2zbHLB4zDWmw5r944GK6RIDNcdzOSme0L0n.jpg","Fresh farm produce: Mango Banganapalli. High nutrition, naturally ripe, sourced direct from wholesale farm partners.","Direct Bhopal Contract Farms & Karond Krishi Mandi (MyGreenDelight Certified Harvest)","Store in a cool dry fruit basket at room temperature","[{""weight"":""250g"",""price"":23,""stock"":50},{""weight"":""500g"",""price"":43,""stock"":60},{""weight"":""1 kg"",""price"":78,""stock"":80},{""weight"":""2 kg (Bulk Saver)"",""price"":148,""stock"":40},{""weight"":""5 kg (Society Sack)"",""price"":359,""stock"":25}]"
"Bharta Brinjal ( बैगन )","Vegetables",15,19,"250 Gram",100,"https://rambhaji.com/Admin/Product/20240406063247.jpg","Farm fresh Bharta Brinjal ( बैगन ) directly from Bhopal farmers & local mandis. Chemical-free, pesticide-monitored, handpicked and ozone washed for maximum purity and taste.","Direct Bhopal Contract Farms & Karond Krishi Mandi (MyGreenDelight Certified Harvest)","Keep refrigerated in vegetable crisper / airtight mesh bag","[{""weight"":""250g"",""price"":10,""stock"":50},{""weight"":""500g"",""price"":15,""stock"":60},{""weight"":""1 kg"",""price"":15,""stock"":80},{""weight"":""2 kg (Bulk Saver)"",""price"":29,""stock"":40},{""weight"":""5 kg (Society Sack)"",""price"":69,""stock"":25}]"
"Green Chili (हरी मिर्च)","Vegetables",40,51,"250 Gram",100,"https://rambhaji.com/Admin/Product/20240406064552.jpg","Farm fresh Green Chili (हरी मिर्च) directly from Bhopal farmers & local mandis. Chemical-free, pesticide-monitored, handpicked and ozone washed for maximum purity and taste.","Direct Bhopal Contract Farms & Karond Krishi Mandi (MyGreenDelight Certified Harvest)","Keep refrigerated in vegetable crisper / airtight mesh bag","[{""weight"":""250g"",""price"":12,""stock"":50},{""weight"":""500g"",""price"":22,""stock"":60},{""weight"":""1 kg"",""price"":40,""stock"":80},{""weight"":""2 kg (Bulk Saver)"",""price"":76,""stock"":40},{""weight"":""5 kg (Society Sack)"",""price"":184,""stock"":25}]"
"Yellow Capsicum (शिमला मिर्च)","Exotics",175,224,"250 Gram",100,"https://rambhaji.com/Admin/Product/20240406065539.jpg","Farm fresh Yellow Capsicum (शिमला मिर्च) directly from Bhopal farmers & local mandis. Chemical-free, pesticide-monitored, handpicked and ozone washed for maximum purity and taste.","Direct Bhopal Contract Farms & Karond Krishi Mandi (MyGreenDelight Certified Harvest)","Store in a cool dry fruit basket at room temperature","[{""weight"":""250g Pack"",""price"":53,""stock"":40},{""weight"":""500g Pack"",""price"":96,""stock"":50},{""weight"":""1 kg Pack"",""price"":175,""stock"":60}]"
"Taro leaves (अरबी के पत्ते)","Vegetables",120,154,"1 kg",100,"https://images.unsplash.com/photo-1540420773420-3366772f4999?auto=format&fit=crop&w=600&q=80","100% farm-fresh Taro leaves (अरबी के पत्ते) sourced daily from trusted local Bhopal & MP farmers. Graded for premium quality, crisp texture, and natural freshness.","Direct Bhopal Contract Farms & Karond Krishi Mandi (MyGreenDelight Certified Harvest)","Keep refrigerated in vegetable crisper / airtight mesh bag","[{""weight"":""250g"",""price"":36,""stock"":50},{""weight"":""500g"",""price"":66,""stock"":60},{""weight"":""1 kg"",""price"":120,""stock"":80},{""weight"":""2 kg (Bulk Saver)"",""price"":228,""stock"":40},{""weight"":""5 kg (Society Sack)"",""price"":552,""stock"":25}]"
"Ash gourd (सफेद कद्दू)","Vegetables",88,113,"1 kg",100,"https://images.unsplash.com/photo-1540420773420-3366772f4999?auto=format&fit=crop&w=600&q=80","100% farm-fresh Ash gourd (सफेद कद्दू) sourced daily from trusted local Bhopal & MP farmers. Graded for premium quality, crisp texture, and natural freshness.","Direct Bhopal Contract Farms & Karond Krishi Mandi (MyGreenDelight Certified Harvest)","Keep refrigerated in vegetable crisper / airtight mesh bag","[{""weight"":""250g"",""price"":26,""stock"":50},{""weight"":""500g"",""price"":48,""stock"":60},{""weight"":""1 kg"",""price"":88,""stock"":80},{""weight"":""2 kg (Bulk Saver)"",""price"":167,""stock"":40},{""weight"":""5 kg (Society Sack)"",""price"":405,""stock"":25}]"
"Medium Size Garlic (लहसुन मीडियम साइज )","Vegetables",205,262,"1 kg",100,"https://images.unsplash.com/photo-1540148426945-6cf22a6b2383?auto=format&fit=crop&w=600&q=80","Garlic: Nature&#x27;s Aromatic PowerhouseStep into a world where flavor and health converge with our premium garlic at Bazaar. Each clove of our garlic promises not only to elevate your dishes with its unmistakable robust aroma and rich, pungent taste but also to enrich your well-being with it","Direct Bhopal Contract Farms & Karond Krishi Mandi (MyGreenDelight Certified Harvest)","Keep refrigerated in vegetable crisper / airtight mesh bag","[{""weight"":""250g"",""price"":62,""stock"":50},{""weight"":""500g"",""price"":113,""stock"":60},{""weight"":""1 kg"",""price"":205,""stock"":80},{""weight"":""2 kg (Bulk Saver)"",""price"":390,""stock"":40},{""weight"":""5 kg (Society Sack)"",""price"":943,""stock"":25}]"
"Peeled garlic (चिला हुआ लहसुन)","Ready-to-Cook & Cut Produce",185,237,"1 kg",100,"https://images.unsplash.com/photo-1540148426945-6cf22a6b2383?auto=format&fit=crop&w=600&q=80","100% farm-fresh Peeled garlic (चिला हुआ लहसुन) sourced daily from trusted local Bhopal & MP farmers. Graded for premium quality, crisp texture, and natural freshness.","Direct Bhopal Contract Farms & Karond Krishi Mandi (MyGreenDelight Certified Harvest)","Keep refrigerated in vegetable crisper / airtight mesh bag","[{""weight"":""250g Tray"",""price"":185,""stock"":50},{""weight"":""500g Family Tray"",""price"":342,""stock"":40},{""weight"":""1 kg Bulk Kitchen Pack"",""price"":648,""stock"":25}]"
"Big Size Garlic ( लहसुन बिग साइज )","Vegetables",230,294,"1 kg",100,"https://images.unsplash.com/photo-1540148426945-6cf22a6b2383?auto=format&fit=crop&w=600&q=80","100% farm-fresh Big Size Garlic ( लहसुन बिग साइज ) sourced daily from trusted local Bhopal & MP farmers. Graded for premium quality, crisp texture, and natural freshness.","Direct Bhopal Contract Farms & Karond Krishi Mandi (MyGreenDelight Certified Harvest)","Keep refrigerated in vegetable crisper / airtight mesh bag","[{""weight"":""250g"",""price"":69,""stock"":50},{""weight"":""500g"",""price"":127,""stock"":60},{""weight"":""1 kg"",""price"":230,""stock"":80},{""weight"":""2 kg (Bulk Saver)"",""price"":437,""stock"":40},{""weight"":""5 kg (Society Sack)"",""price"":1058,""stock"":25}]"
"Green Chili - teekhi (हरी मिर्च - तीखी)","Vegetables",80,102,"1 kg",100,"https://images.unsplash.com/photo-1540420773420-3366772f4999?auto=format&fit=crop&w=600&q=80","100% farm-fresh Green Chili - teekhi (हरी मिर्च - तीखी) sourced daily from trusted local Bhopal & MP farmers. Graded for premium quality, crisp texture, and natural freshness.","Direct Bhopal Contract Farms & Karond Krishi Mandi (MyGreenDelight Certified Harvest)","Keep refrigerated in vegetable crisper / airtight mesh bag","[{""weight"":""250g"",""price"":24,""stock"":50},{""weight"":""500g"",""price"":44,""stock"":60},{""weight"":""1 kg"",""price"":80,""stock"":80},{""weight"":""2 kg (Bulk Saver)"",""price"":152,""stock"":40},{""weight"":""5 kg (Society Sack)"",""price"":368,""stock"":25}]"
"Green Chili-Feeki (हरी मिर्च - फीकी)","Vegetables",80,102,"1 kg",100,"https://images.unsplash.com/photo-1540420773420-3366772f4999?auto=format&fit=crop&w=600&q=80","100% farm-fresh Green Chili-Feeki (हरी मिर्च - फीकी) sourced daily from trusted local Bhopal & MP farmers. Graded for premium quality, crisp texture, and natural freshness.","Direct Bhopal Contract Farms & Karond Krishi Mandi (MyGreenDelight Certified Harvest)","Keep refrigerated in vegetable crisper / airtight mesh bag","[{""weight"":""250g"",""price"":24,""stock"":50},{""weight"":""500g"",""price"":44,""stock"":60},{""weight"":""1 kg"",""price"":80,""stock"":80},{""weight"":""2 kg (Bulk Saver)"",""price"":152,""stock"":40},{""weight"":""5 kg (Society Sack)"",""price"":368,""stock"":25}]"
"Coriander leaves (धनिया पत्ती)","Vegetables",80,102,"1 kg",100,"https://images.unsplash.com/photo-1588879462716-59a60714b18c?auto=format&fit=crop&w=600&q=80","100% farm-fresh Coriander leaves (धनिया पत्ती) sourced daily from trusted local Bhopal & MP farmers. Graded for premium quality, crisp texture, and natural freshness.","Direct Bhopal Contract Farms & Karond Krishi Mandi (MyGreenDelight Certified Harvest)","Keep refrigerated in vegetable crisper / airtight mesh bag","[{""weight"":""250g"",""price"":24,""stock"":50},{""weight"":""500g"",""price"":44,""stock"":60},{""weight"":""1 kg"",""price"":80,""stock"":80},{""weight"":""2 kg (Bulk Saver)"",""price"":152,""stock"":40},{""weight"":""5 kg (Society Sack)"",""price"":368,""stock"":25}]"
"Salad Carrot (सलाद गाजर)","Vegetables",68,87,"1 kg",100,"https://images.unsplash.com/photo-1598170845058-32b9d6a5c317?auto=format&fit=crop&w=600&q=80","100% farm-fresh Salad Carrot (सलाद गाजर) sourced daily from trusted local Bhopal & MP farmers. Graded for premium quality, crisp texture, and natural freshness.","Direct Bhopal Contract Farms & Karond Krishi Mandi (MyGreenDelight Certified Harvest)","Keep refrigerated in vegetable crisper / airtight mesh bag","[{""weight"":""250g"",""price"":20,""stock"":50},{""weight"":""500g"",""price"":37,""stock"":60},{""weight"":""1 kg"",""price"":68,""stock"":80},{""weight"":""2 kg (Bulk Saver)"",""price"":129,""stock"":40},{""weight"":""5 kg (Society Sack)"",""price"":313,""stock"":25}]"
"Bottle gouard (लौकी )","Vegetables",58,74,"1 kg",100,"https://images.unsplash.com/photo-1540420773420-3366772f4999?auto=format&fit=crop&w=600&q=80","100% farm-fresh Bottle gouard (लौकी ) sourced daily from trusted local Bhopal & MP farmers. Graded for premium quality, crisp texture, and natural freshness.","Direct Bhopal Contract Farms & Karond Krishi Mandi (MyGreenDelight Certified Harvest)","Keep refrigerated in vegetable crisper / airtight mesh bag","[{""weight"":""250g"",""price"":17,""stock"":50},{""weight"":""500g"",""price"":32,""stock"":60},{""weight"":""1 kg"",""price"":58,""stock"":80},{""weight"":""2 kg (Bulk Saver)"",""price"":110,""stock"":40},{""weight"":""5 kg (Society Sack)"",""price"":267,""stock"":25}]"
"Black Bringle Small (काले बैगन)","Vegetables",54,69,"1 kg",100,"https://images.unsplash.com/photo-1540420773420-3366772f4999?auto=format&fit=crop&w=600&q=80","100% farm-fresh Black Bringle Small (काले बैगन) sourced daily from trusted local Bhopal & MP farmers. Graded for premium quality, crisp texture, and natural freshness.","Direct Bhopal Contract Farms & Karond Krishi Mandi (MyGreenDelight Certified Harvest)","Keep refrigerated in vegetable crisper / airtight mesh bag","[{""weight"":""250g"",""price"":16,""stock"":50},{""weight"":""500g"",""price"":30,""stock"":60},{""weight"":""1 kg"",""price"":54,""stock"":80},{""weight"":""2 kg (Bulk Saver)"",""price"":103,""stock"":40},{""weight"":""5 kg (Society Sack)"",""price"":248,""stock"":25}]"
"Green Bringle (हरा बैगन)","Vegetables",54,69,"1 kg",100,"https://images.unsplash.com/photo-1540420773420-3366772f4999?auto=format&fit=crop&w=600&q=80","100% farm-fresh Green Bringle (हरा बैगन) sourced daily from trusted local Bhopal & MP farmers. Graded for premium quality, crisp texture, and natural freshness.","Direct Bhopal Contract Farms & Karond Krishi Mandi (MyGreenDelight Certified Harvest)","Keep refrigerated in vegetable crisper / airtight mesh bag","[{""weight"":""250g"",""price"":16,""stock"":50},{""weight"":""500g"",""price"":30,""stock"":60},{""weight"":""1 kg"",""price"":54,""stock"":80},{""weight"":""2 kg (Bulk Saver)"",""price"":103,""stock"":40},{""weight"":""5 kg (Society Sack)"",""price"":248,""stock"":25}]"
"Long Black Bringle (काले बैगन-लंबे)","Vegetables",54,69,"1 kg",100,"https://images.unsplash.com/photo-1540420773420-3366772f4999?auto=format&fit=crop&w=600&q=80","100% farm-fresh Long Black Bringle (काले बैगन-लंबे) sourced daily from trusted local Bhopal & MP farmers. Graded for premium quality, crisp texture, and natural freshness.","Direct Bhopal Contract Farms & Karond Krishi Mandi (MyGreenDelight Certified Harvest)","Keep refrigerated in vegetable crisper / airtight mesh bag","[{""weight"":""250g"",""price"":16,""stock"":50},{""weight"":""500g"",""price"":30,""stock"":60},{""weight"":""1 kg"",""price"":54,""stock"":80},{""weight"":""2 kg (Bulk Saver)"",""price"":103,""stock"":40},{""weight"":""5 kg (Society Sack)"",""price"":248,""stock"":25}]"
"Bharta Bringle (भरता बैगन)","Vegetables",76,97,"1 kg",100,"https://images.unsplash.com/photo-1540420773420-3366772f4999?auto=format&fit=crop&w=600&q=80","100% farm-fresh Bharta Bringle (भरता बैगन) sourced daily from trusted local Bhopal & MP farmers. Graded for premium quality, crisp texture, and natural freshness.","Direct Bhopal Contract Farms & Karond Krishi Mandi (MyGreenDelight Certified Harvest)","Keep refrigerated in vegetable crisper / airtight mesh bag","[{""weight"":""250g"",""price"":23,""stock"":50},{""weight"":""500g"",""price"":42,""stock"":60},{""weight"":""1 kg"",""price"":76,""stock"":80},{""weight"":""2 kg (Bulk Saver)"",""price"":144,""stock"":40},{""weight"":""5 kg (Society Sack)"",""price"":350,""stock"":25}]"
"Sem (सेम)","Vegetables",89,114,"1 kg",100,"https://images.unsplash.com/photo-1540420773420-3366772f4999?auto=format&fit=crop&w=600&q=80","100% farm-fresh Sem (सेम) sourced daily from trusted local Bhopal & MP farmers. Graded for premium quality, crisp texture, and natural freshness.","Direct Bhopal Contract Farms & Karond Krishi Mandi (MyGreenDelight Certified Harvest)","Keep refrigerated in vegetable crisper / airtight mesh bag","[{""weight"":""250g"",""price"":27,""stock"":50},{""weight"":""500g"",""price"":49,""stock"":60},{""weight"":""1 kg"",""price"":89,""stock"":80},{""weight"":""2 kg (Bulk Saver)"",""price"":169,""stock"":40},{""weight"":""5 kg (Society Sack)"",""price"":409,""stock"":25}]"
"Kareli (करेली )","Vegetables",84,108,"1 kg",100,"https://images.unsplash.com/photo-1540420773420-3366772f4999?auto=format&fit=crop&w=600&q=80","100% farm-fresh Kareli (करेली ) sourced daily from trusted local Bhopal & MP farmers. Graded for premium quality, crisp texture, and natural freshness.","Direct Bhopal Contract Farms & Karond Krishi Mandi (MyGreenDelight Certified Harvest)","Keep refrigerated in vegetable crisper / airtight mesh bag","[{""weight"":""250g"",""price"":25,""stock"":50},{""weight"":""500g"",""price"":46,""stock"":60},{""weight"":""1 kg"",""price"":84,""stock"":80},{""weight"":""2 kg (Bulk Saver)"",""price"":160,""stock"":40},{""weight"":""5 kg (Society Sack)"",""price"":386,""stock"":25}]"
"Parwal (परवल)","Vegetables",86,110,"1 kg",100,"https://images.unsplash.com/photo-1540420773420-3366772f4999?auto=format&fit=crop&w=600&q=80","100% farm-fresh Parwal (परवल) sourced daily from trusted local Bhopal & MP farmers. Graded for premium quality, crisp texture, and natural freshness.","Direct Bhopal Contract Farms & Karond Krishi Mandi (MyGreenDelight Certified Harvest)","Keep refrigerated in vegetable crisper / airtight mesh bag","[{""weight"":""250g"",""price"":26,""stock"":50},{""weight"":""500g"",""price"":47,""stock"":60},{""weight"":""1 kg"",""price"":86,""stock"":80},{""weight"":""2 kg (Bulk Saver)"",""price"":163,""stock"":40},{""weight"":""5 kg (Society Sack)"",""price"":396,""stock"":25}]"
"Drum Sticks (मूंगा फली )","Vegetables",72,92,"1 kg",100,"https://images.unsplash.com/photo-1540420773420-3366772f4999?auto=format&fit=crop&w=600&q=80","Fresh Drumsticks (मुंगाफली) - A Nutritious Delight for Every Kitchen!Enhance the flavor and nutrition of your meals with our premium-quality Drumsticks (मुंगाफली), available exclusively at . Known for their unique taste and numerous health benefits, drumsticks are a must-have vegetab","Direct Bhopal Contract Farms & Karond Krishi Mandi (MyGreenDelight Certified Harvest)","Keep refrigerated in vegetable crisper / airtight mesh bag","[{""weight"":""250g"",""price"":22,""stock"":50},{""weight"":""500g"",""price"":40,""stock"":60},{""weight"":""1 kg"",""price"":72,""stock"":80},{""weight"":""2 kg (Bulk Saver)"",""price"":137,""stock"":40},{""weight"":""5 kg (Society Sack)"",""price"":331,""stock"":25}]"
"Kakoda (देशी ककोड़ा)","Vegetables",150,192,"1 kg",100,"https://images.unsplash.com/photo-1540420773420-3366772f4999?auto=format&fit=crop&w=600&q=80","100% farm-fresh Kakoda (देशी ककोड़ा) sourced daily from trusted local Bhopal & MP farmers. Graded for premium quality, crisp texture, and natural freshness.","Direct Bhopal Contract Farms & Karond Krishi Mandi (MyGreenDelight Certified Harvest)","Keep refrigerated in vegetable crisper / airtight mesh bag","[{""weight"":""250g"",""price"":45,""stock"":50},{""weight"":""500g"",""price"":83,""stock"":60},{""weight"":""1 kg"",""price"":150,""stock"":80},{""weight"":""2 kg (Bulk Saver)"",""price"":285,""stock"":40},{""weight"":""5 kg (Society Sack)"",""price"":690,""stock"":25}]"
"Kimia Dates (कीमिया खजूर)","Fruits",175,224,"1 kg",100,"https://images.unsplash.com/photo-1610832958506-aa56368176cf?auto=format&fit=crop&w=600&q=80","100% farm-fresh Kimia Dates (कीमिया खजूर) sourced daily from trusted local Bhopal & MP farmers. Graded for premium quality, crisp texture, and natural freshness.","Direct Bhopal Contract Farms & Karond Krishi Mandi (MyGreenDelight Certified Harvest)","Store in a cool dry fruit basket at room temperature","[{""weight"":""250g"",""price"":53,""stock"":50},{""weight"":""500g"",""price"":96,""stock"":60},{""weight"":""1 kg"",""price"":175,""stock"":80},{""weight"":""2 kg (Bulk Saver)"",""price"":333,""stock"":40},{""weight"":""5 kg (Society Sack)"",""price"":805,""stock"":25}]"
"Apple Gala (गाला सेव)","Fruits",210,269,"1 kg",100,"https://images.unsplash.com/photo-1560806887-1e4cd0b6cbd6?auto=format&fit=crop&w=600&q=80","100% farm-fresh Apple Gala (गाला सेव) sourced daily from trusted local Bhopal & MP farmers. Graded for premium quality, crisp texture, and natural freshness.","Direct Bhopal Contract Farms & Karond Krishi Mandi (MyGreenDelight Certified Harvest)","Store in a cool dry fruit basket at room temperature","[{""weight"":""250g"",""price"":63,""stock"":50},{""weight"":""500g"",""price"":116,""stock"":60},{""weight"":""1 kg"",""price"":210,""stock"":80},{""weight"":""2 kg (Bulk Saver)"",""price"":399,""stock"":40},{""weight"":""5 kg (Society Sack)"",""price"":966,""stock"":25}]"
"Mosambi (मोसंबी)","Fruits",99,127,"1 kg",100,"https://images.unsplash.com/photo-1610832958506-aa56368176cf?auto=format&fit=crop&w=600&q=80","100% farm-fresh Mosambi (मोसंबी) sourced daily from trusted local Bhopal & MP farmers. Graded for premium quality, crisp texture, and natural freshness.","Direct Bhopal Contract Farms & Karond Krishi Mandi (MyGreenDelight Certified Harvest)","Store in a cool dry fruit basket at room temperature","[{""weight"":""250g"",""price"":30,""stock"":50},{""weight"":""500g"",""price"":54,""stock"":60},{""weight"":""1 kg"",""price"":99,""stock"":80},{""weight"":""2 kg (Bulk Saver)"",""price"":188,""stock"":40},{""weight"":""5 kg (Society Sack)"",""price"":455,""stock"":25}]"
"Imported Avacado (एवोकाडो)","Vegetables",130,166,"1 kg",100,"https://images.unsplash.com/photo-1584270354949-c26b0d5b4a0c?auto=format&fit=crop&w=600&q=80","100% farm-fresh Imported Avacado (एवोकाडो) sourced daily from trusted local Bhopal & MP farmers. Graded for premium quality, crisp texture, and natural freshness.","Direct Bhopal Contract Farms & Karond Krishi Mandi (MyGreenDelight Certified Harvest)","Keep refrigerated in vegetable crisper / airtight mesh bag","[{""weight"":""250g"",""price"":39,""stock"":50},{""weight"":""500g"",""price"":72,""stock"":60},{""weight"":""1 kg"",""price"":130,""stock"":80},{""weight"":""2 kg (Bulk Saver)"",""price"":247,""stock"":40},{""weight"":""5 kg (Society Sack)"",""price"":598,""stock"":25}]"
"Mix sprouts (moong- chana) (अंकरित (मुंग -चना)-100 gm)","Vegetables",22,28,"1 kg",100,"https://images.unsplash.com/photo-1584270354949-c26b0d5b4a0c?auto=format&fit=crop&w=600&q=80","100% farm-fresh Mix sprouts (moong- chana) (अंकरित (मुंग -चना)-100 gm) sourced daily from trusted local Bhopal & MP farmers. Graded for premium quality, crisp texture, and natural freshness.","Direct Bhopal Contract Farms & Karond Krishi Mandi (MyGreenDelight Certified Harvest)","Keep refrigerated in vegetable crisper / airtight mesh bag","[{""weight"":""250g"",""price"":10,""stock"":50},{""weight"":""500g"",""price"":15,""stock"":60},{""weight"":""1 kg"",""price"":22,""stock"":80},{""weight"":""2 kg (Bulk Saver)"",""price"":42,""stock"":40},{""weight"":""5 kg (Society Sack)"",""price"":101,""stock"":25}]"
"Mawa / khoya (मावा / खोया )","Dairy & Staples",250,320,"1 kg",100,"https://images.unsplash.com/photo-1550583724-b2692b85b150?auto=format&fit=crop&w=600&q=80","100% farm-fresh Mawa / khoya (मावा / खोया ) sourced daily from trusted local Bhopal & MP farmers. Graded for premium quality, crisp texture, and natural freshness.","Direct Bhopal Contract Farms & Karond Krishi Mandi (MyGreenDelight Certified Harvest)","Store in cool dry place or refrigerate dairy items below 4°C","[{""weight"":""500g Pack"",""price"":138,""stock"":50},{""weight"":""1 kg Pack"",""price"":250,""stock"":60},{""weight"":""2 kg Value Pack"",""price"":475,""stock"":40}]"
"Cow Deshi Ghee (देशी घी (गाय))","Dairy & Staples",849,1087,"1 kg",100,"https://images.unsplash.com/photo-1589985270826-4b7bb135bc9d?auto=format&fit=crop&w=600&q=80","100% farm-fresh Cow Deshi Ghee (देशी घी (गाय)) sourced daily from trusted local Bhopal & MP farmers. Graded for premium quality, crisp texture, and natural freshness.","Direct Bhopal Contract Farms & Karond Krishi Mandi (MyGreenDelight Certified Harvest)","Store in cool dry place or refrigerate dairy items below 4°C","[{""weight"":""1 kg Pack"",""price"":170,""stock"":50},{""weight"":""5 kg Bag"",""price"":849,""stock"":40},{""weight"":""10 kg Mega Saver"",""price"":1656,""stock"":20}]"
"Amul Malai Paneer","Dairy & Staples",90,115,"250g",100,"https://cdn2.clevup.in/252374/SKU-0501_0-1759401220736.png?format=webp","Discover the Rich Creaminess of Amul Malai Paneer - 200gWelcome to E - VEGETABLE BAZAAR, your trusted source for fresh, high-quality products! Introducing Amul Malai Paneer, a premium dairy delight that adds a rich and creamy texture to your favorite recipes. Crafted with the finest ingredients, thi","Direct Bhopal Contract Farms & Karond Krishi Mandi (MyGreenDelight Certified Harvest)","Store in cool dry place or refrigerate dairy items below 4°C","[{""weight"":""250g Pack"",""price"":90,""stock"":50},{""weight"":""500g (Twin Pack)"",""price"":171,""stock"":40},{""weight"":""1 kg (Family Pack)"",""price"":333,""stock"":30}]"
"Basmati Rice","Dairy & Staples",95,122,"1 kg",100,"https://images.unsplash.com/photo-1586201375761-83865001e8ac?auto=format&fit=crop&q=80&w=400","Farm-fresh Basmati Rice. Harvested early morning from certified local contract farms, ozone-washed for 100% hygiene and pesticide residue removal, and delivered crisp and fresh within 45 minutes across Bhopal by MyGreenDelight.","Direct Bhopal Contract Farms & Karond Krishi Mandi (MyGreenDelight Certified Harvest)","Store in cool dry place or refrigerate dairy items below 4°C","[{""weight"":""500g Pack"",""price"":52,""stock"":50},{""weight"":""1 kg Pack"",""price"":95,""stock"":60},{""weight"":""2 kg Value Pack"",""price"":181,""stock"":40}]"
"Shreedhi Dahi Fresh Curd – Buy","Dairy & Staples",40,51,"400g",100,"https://cdn2.clevup.in/252374/SKU-0639_0-1776917432122.png?format=webp","Buy fresh Shreedhi Dahi 450g in Bhopal. Thick, creamy and perfect for daily meals. Same-day home delivery by E Vegetable Bazaar. Order now!","Direct Bhopal Contract Farms & Karond Krishi Mandi (MyGreenDelight Certified Harvest)","Store in cool dry place or refrigerate dairy items below 4°C","[{""weight"":""500g Pack"",""price"":25,""stock"":50},{""weight"":""1 kg Pack"",""price"":40,""stock"":60},{""weight"":""2 kg Value Pack"",""price"":76,""stock"":40}]"
"Whole Wheat Atta","Dairy & Staples",240,307,"5 kg",100,"https://images.unsplash.com/photo-1509440159596-0249088772ff?auto=format&fit=crop&q=80&w=400","Farm-fresh Whole Wheat Atta. Harvested early morning from certified local contract farms, ozone-washed for 100% hygiene and pesticide residue removal, and delivered crisp and fresh within 45 minutes across Bhopal by MyGreenDelight.","Direct Bhopal Contract Farms & Karond Krishi Mandi (MyGreenDelight Certified Harvest)","Store in cool dry place or refrigerate dairy items below 4°C","[{""weight"":""500g Pack"",""price"":132,""stock"":50},{""weight"":""1 kg Pack"",""price"":240,""stock"":60},{""weight"":""2 kg Value Pack"",""price"":456,""stock"":40}]"
"Frozen Sweet Corn","Exotics",40,51,"2 Pcs / 400g",100,"https://cdn2.clevup.in/252374/SKU-0502_0-1757469518405.png?format=webp","Discover the Perfect Addition to Your Meals: Frozen Sweet CornWelcome to E - VEGETABLE BAZAAR, your trusted destination for fresh and convenient produce! Say hello to our Frozen Sweet Corn, the ultimate kitchen companion for those who crave vibrant flavors and effortless cooking.Carefully selected a","Direct Bhopal Contract Farms & Karond Krishi Mandi (MyGreenDelight Certified Harvest)","Store in a cool dry fruit basket at room temperature","[{""weight"":""1 Pc"",""price"":40,""stock"":50},{""weight"":""2 Pcs Pack"",""price"":76,""stock"":40},{""weight"":""4 Pcs Family Pack"",""price"":148,""stock"":30}]"
"Coconut / Nariyal","Fruits",38,49,"1 Pc",100,"https://cdn2.clevup.in/252374/SKU-0494_0-1754384003009.png?format=webp","Coconut (Nariyal) is a versatile fruit known for its refreshing water, rich white flesh, and countless traditional uses. At E VEGETABLE BAZAAR, we deliver handpicked, fresh, and fully mature coconuts with a hard shell and fibrous husk—ideal for daily use, cooking, rituals, or gifting. ---✅ Why Choos","Direct Bhopal Contract Farms & Karond Krishi Mandi (MyGreenDelight Certified Harvest)","Store in a cool dry fruit basket at room temperature","[{""weight"":""1 Pc"",""price"":38,""stock"":50},{""weight"":""2 Pcs Pack"",""price"":72,""stock"":40},{""weight"":""4 Pcs Family Pack"",""price"":141,""stock"":30}]"
"Hybrid Guava","Fruits",80,102,"1 kg",100,"https://cdn2.clevup.in/252374/SKU-0592_0-1767849592557.jpg?format=webp","Fresh and Flavorful Hybrid Guava – Only at E VEGETABLE BAZAARDiscover the perfect blend of taste and nutrition with our Hybrid Guava, exclusively available at E VEGETABLE BAZAAR. Known for its irresistible sweetness, juicy texture, and premium quality, this guava variety is a must-have for every fru","Direct Bhopal Contract Farms & Karond Krishi Mandi (MyGreenDelight Certified Harvest)","Store in a cool dry fruit basket at room temperature","[{""weight"":""250g"",""price"":24,""stock"":50},{""weight"":""500g"",""price"":44,""stock"":60},{""weight"":""1 kg"",""price"":80,""stock"":80},{""weight"":""2 kg (Bulk Saver)"",""price"":152,""stock"":40},{""weight"":""5 kg (Society Sack)"",""price"":368,""stock"":25}]"
"Imported Orange","Fruits",90,115,"1 kg",100,"https://cdn2.clevup.in/275981/1669981758204_SKU-0040_0.jpg?format=webp","Buy Fresh Imported Orange in Bhopal - Available at Kolar Road | E VEGETABLE BAZAAR Looking for the freshest imported oranges in Bhopal? Head to E VEGETABLE BAZAAR on Kolar Road for premium-quality, juicy oranges sourced from the best international farms. Our imported oranges are rich in Vitamin C, a","Direct Bhopal Contract Farms & Karond Krishi Mandi (MyGreenDelight Certified Harvest)","Store in a cool dry fruit basket at room temperature","[{""weight"":""250g"",""price"":27,""stock"":50},{""weight"":""500g"",""price"":50,""stock"":60},{""weight"":""1 kg"",""price"":90,""stock"":80},{""weight"":""2 kg (Bulk Saver)"",""price"":171,""stock"":40},{""weight"":""5 kg (Society Sack)"",""price"":414,""stock"":25}]"
"Kiwi Fruit","Fruits",130,166,"1 Pack (3 Pcs)",100,"https://cdn2.clevup.in/252374/1685862399544_SKU-0252_0.jpg?format=webp","Kiwi, also known as Chinese gooseberry, is a small, oval-shaped fruit with a fuzzy brownish-green skin and vibrant green flesh. It is native to China but is now cultivated in several countries around the world, including New Zealand, Italy, and the United States. The outer skin of the kiwi is thin a","Direct Bhopal Contract Farms & Karond Krishi Mandi (MyGreenDelight Certified Harvest)","Store in a cool dry fruit basket at room temperature","[{""weight"":""1 Pc"",""price"":130,""stock"":50},{""weight"":""2 Pcs Pack"",""price"":247,""stock"":40},{""weight"":""4 Pcs Family Pack"",""price"":481,""stock"":30}]"
"Papaya / Papita","Fruits",55,70,"1 kg",100,"https://cdn2.clevup.in/252374/SKU-0658_0-1783057217140.png?format=webp","Fresh Papaya (Papita) - From E VEGETABLE BAZAARDiscover the wholesome goodness of fresh, juicy Papaya from E VEGETABLE BAZAAR, your trusted destination for farm-fresh produce. Known for its vibrant orange flesh, delightful sweetness, and numerous health benefits, this tropical fruit is a must-have f","Direct Bhopal Contract Farms & Karond Krishi Mandi (MyGreenDelight Certified Harvest)","Store in a cool dry fruit basket at room temperature","[{""weight"":""250g"",""price"":17,""stock"":50},{""weight"":""500g"",""price"":30,""stock"":60},{""weight"":""1 kg"",""price"":55,""stock"":80},{""weight"":""2 kg (Bulk Saver)"",""price"":105,""stock"":40},{""weight"":""5 kg (Society Sack)"",""price"":253,""stock"":25}]"
"Pear (नाशपाती)","Fruits",110,141,"500g",100,"https://cdn2.clevup.in/252374/1690728524419_SKU-0288_0.jpg?format=webp","Pear is a sweet and juicy fruit known for its distinctive bell-like shape and smooth texture. It belongs to the Rosaceae family and is native to regions in Europe and Asia. Pears are now widely cultivated in various temperate climates around the world. Pears come in various shapes, sizes, and colors","Direct Bhopal Contract Farms & Karond Krishi Mandi (MyGreenDelight Certified Harvest)","Store in a cool dry fruit basket at room temperature","[{""weight"":""250g"",""price"":33,""stock"":50},{""weight"":""500g"",""price"":61,""stock"":60},{""weight"":""1 kg"",""price"":110,""stock"":80},{""weight"":""2 kg (Bulk Saver)"",""price"":209,""stock"":40},{""weight"":""5 kg (Society Sack)"",""price"":506,""stock"":25}]"
"Plum / Aalubukhara","Fruits",110,141,"500g",100,"https://cdn2.clevup.in/252374/SKU-0474_0-1763309084082.jpg?format=webp","Enjoy the juicy and tangy taste of fresh Plums (Aalubukhara) – naturally ripened, handpicked for quality, and full of health benefits. Soft texture, vibrant color, and natural sweetness make them perfect for snacking, desserts, or adding a twist to your salads. ✅ Rich in Vitamin C & antioxidants","Direct Bhopal Contract Farms & Karond Krishi Mandi (MyGreenDelight Certified Harvest)","Store in a cool dry fruit basket at room temperature","[{""weight"":""250g"",""price"":33,""stock"":50},{""weight"":""500g"",""price"":61,""stock"":60},{""weight"":""1 kg"",""price"":110,""stock"":80},{""weight"":""2 kg (Bulk Saver)"",""price"":209,""stock"":40},{""weight"":""5 kg (Society Sack)"",""price"":506,""stock"":25}]"
"Pomegranate / Anaar","Fruits",170,218,"1 kg",100,"https://cdn2.clevup.in/252374/SKU-0270_0-1762744776210.webp?format=webp","Pomegranate / Anaar - A Burst of Flavor and NutritionDiscover the rich, ruby-red allure of Pomegranate, known as अनार in Hindi, a fruit cherished for its sweet and tangy flavors and exceptional health benefits. Packed with antioxidants and essential nutrients, this versatile fruit is a perfect addit","Direct Bhopal Contract Farms & Karond Krishi Mandi (MyGreenDelight Certified Harvest)","Store in a cool dry fruit basket at room temperature","[{""weight"":""250g"",""price"":51,""stock"":50},{""weight"":""500g"",""price"":94,""stock"":60},{""weight"":""1 kg"",""price"":170,""stock"":80},{""weight"":""2 kg (Bulk Saver)"",""price"":323,""stock"":40},{""weight"":""5 kg (Society Sack)"",""price"":782,""stock"":25}]"
"Tender Coconut / Nariyal Pani","Fruits",75,96,"1 Pc",100,"https://cdn2.clevup.in/252374/SKU-0315_0-1753671226877.png?format=webp","Tender Coconut (नारियल पानी) by E - VEGETABLE BAZAAR Quench your thirst the natural way with Fresh Green Tender Coconut Water, sourced directly from lush tropical groves and brought to you by E - VEGETABLE BAZAAR. Packed with essential electrolytes and nutrients, our tender coconut water is the perf","Direct Bhopal Contract Farms & Karond Krishi Mandi (MyGreenDelight Certified Harvest)","Keep refrigerated in vegetable crisper / airtight mesh bag","[{""weight"":""1 Pc"",""price"":75,""stock"":50},{""weight"":""2 Pcs Pack"",""price"":143,""stock"":40},{""weight"":""4 Pcs Family Pack"",""price"":278,""stock"":30}]"
"Arbi Leaf","Vegetables",30,38,"1 kg",100,"https://cdn2.clevup.in/252374/SKU-0483_0-1752808253981.jpg?format=webp","Fresh and Nutritious Arbi Leaf – Your Perfect Ingredient for Healthy MealsDiscover the incredible versatility and nutritional power of Arbi Leaf, now available at E-Vegetable Bazaar. Packed with essential vitamins and minerals, these vibrant green leaves are a must-have for any health-conscious kitc","Direct Bhopal Contract Farms & Karond Krishi Mandi (MyGreenDelight Certified Harvest)","Keep refrigerated in vegetable crisper / airtight mesh bag","[{""weight"":""250g"",""price"":10,""stock"":50},{""weight"":""500g"",""price"":17,""stock"":60},{""weight"":""1 kg"",""price"":30,""stock"":80},{""weight"":""2 kg (Bulk Saver)"",""price"":57,""stock"":40},{""weight"":""5 kg (Society Sack)"",""price"":138,""stock"":25}]"
"Ash Gourd / Bhura Kaddu","Vegetables",80,102,"1 kg",100,"https://cdn2.clevup.in/252374/SKU-0513_0-1782436300777.png?format=webp","Discover Freshness with Ash Gourd from E Vegetable BazaarLooking to add a versatile and nutrient-rich vegetable to your daily diet? Ash Gourd, available at E Vegetable Bazaar, is a perfect choice. Known for its mild flavor and numerous health benefits, this incredible vegetable is a staple in kitche","Direct Bhopal Contract Farms & Karond Krishi Mandi (MyGreenDelight Certified Harvest)","Store in cool dry place or refrigerate dairy items below 4°C","[{""weight"":""500g Pack"",""price"":44,""stock"":50},{""weight"":""1 kg Pack"",""price"":80,""stock"":60},{""weight"":""2 kg Value Pack"",""price"":152,""stock"":40}]"
"Badi Mirch","Vegetables",60,77,"1 kg",100,"https://cdn2.clevup.in/252374/SKU-0436_0-1740382853479.jpg?format=webp","Spice Up Your Dishes with Badi Mirch 250g from BazaarLooking to add a bold, flavorful kick to your meals? Our Badi Mirch 250g, brought to you by Bazaar, is the perfect choice for those who love a hint of heat in their cooking. Carefully sourced and packed for freshness, this pr","Direct Bhopal Contract Farms & Karond Krishi Mandi (MyGreenDelight Certified Harvest)","Keep refrigerated in vegetable crisper / airtight mesh bag","[{""weight"":""250g"",""price"":18,""stock"":50},{""weight"":""500g"",""price"":33,""stock"":60},{""weight"":""1 kg"",""price"":60,""stock"":80},{""weight"":""2 kg (Bulk Saver)"",""price"":114,""stock"":40},{""weight"":""5 kg (Society Sack)"",""price"":276,""stock"":25}]"
"Bharta Eggplant (भर्ता बैंगन)","Vegetables",80,102,"1 kg",100,"https://cdn2.clevup.in/252374/SKU-0342_0-1710059982703.png?format=webp","Savor the rustic essence of traditional flavors with our Bharta Eggplant, a culinary staple at E - VEGETABLE BAZAAR. These eggplants, selected specifically for their soft flesh and smoky undertones, are ideal for creating the classic Indian dish, Baingan ka Bharta. They roast to perfection, yielding","Direct Bhopal Contract Farms & Karond Krishi Mandi (MyGreenDelight Certified Harvest)","Store in cool dry place or refrigerate dairy items below 4°C","[{""weight"":""500g Pack"",""price"":44,""stock"":50},{""weight"":""1 kg Pack"",""price"":80,""stock"":60},{""weight"":""2 kg Value Pack"",""price"":152,""stock"":40}]"
"Black Brinjal (काला बैंगन)","Vegetables",30,38,"1 kg",100,"https://cdn2.clevup.in/252374/SKU-0341_0-1710059663839.jpeg?format=webp","Black Brinjal (काला बैंगन) – A Culinary Treasure from E - VEGETABLE BAZAARDiscover the magic of Small Black Brinjals, a must-have ingredient for every kitchen enthusiast. With their deep, almost black, glossy-purple skin and creamy, tender flesh, these petite brinjals are a feast for both the eyes a","Direct Bhopal Contract Farms & Karond Krishi Mandi (MyGreenDelight Certified Harvest)","Keep refrigerated in vegetable crisper / airtight mesh bag","[{""weight"":""250g"",""price"":10,""stock"":50},{""weight"":""500g"",""price"":17,""stock"":60},{""weight"":""1 kg"",""price"":30,""stock"":80},{""weight"":""2 kg (Bulk Saver)"",""price"":57,""stock"":40},{""weight"":""5 kg (Society Sack)"",""price"":138,""stock"":25}]"
"Coriander Leaf","Vegetables",60,77,"1 kg",100,"https://cdn2.clevup.in/252374/SKU-0428_0-1736859856615.jpg?format=webp","Fresh, aromatic coriander leaves, perfect for garnishing or adding flavor to your dishes. Available in a 50g pack, absolutely free for all customers. Get yours today while supplies last!","Direct Bhopal Contract Farms & Karond Krishi Mandi (MyGreenDelight Certified Harvest)","Keep refrigerated in vegetable crisper / airtight mesh bag","[{""weight"":""250g"",""price"":18,""stock"":50},{""weight"":""500g"",""price"":33,""stock"":60},{""weight"":""1 kg"",""price"":60,""stock"":80},{""weight"":""2 kg (Bulk Saver)"",""price"":114,""stock"":40},{""weight"":""5 kg (Society Sack)"",""price"":276,""stock"":25}]"
"Essential Trio","Vegetables",80,102,"1 kg",100,"https://cdn2.clevup.in/252374/SKU-0487_0-1753334780139.png?format=webp","Essential Trio – Aloo, Pyaz, Tamatar @ A perfect daily combo of kitchen essentials!This handpicked pack includes:✅ Potato – 1 kg✅ Onion – 1 kg✅ Tomato – 1 kg✨ Total MRP: ₹100 | Offer Price: ₹95 OnlyWhether you&#x27;re making sabzi, tadka, or gravy – this combo covers your everyday needs with farm-fresh v","Direct Bhopal Contract Farms & Karond Krishi Mandi (MyGreenDelight Certified Harvest)","Store in cool dry place or refrigerate dairy items below 4°C","[{""weight"":""500g Pack"",""price"":44,""stock"":50},{""weight"":""1 kg Pack"",""price"":80,""stock"":60},{""weight"":""2 kg Value Pack"",""price"":152,""stock"":40}]"
"Frozen Green Peas","Vegetables",80,102,"1 kg",100,"https://cdn2.clevup.in/252374/SKU-0498_0-1787805286621.png?format=webp","Safal Frozen Green Peas ! 100% Natural & Preservative-Free Enjoy the sweetness and freshness of green peas all year round with Safal Frozen Green Peas. Harvested at peak ripeness, these peas are Individually Quick Frozen (IQF) to lock in their natural flavor, vibrant green color, and essential n","Direct Bhopal Contract Farms & Karond Krishi Mandi (MyGreenDelight Certified Harvest)","Keep refrigerated in vegetable crisper / airtight mesh bag","[{""weight"":""250g"",""price"":24,""stock"":50},{""weight"":""500g"",""price"":44,""stock"":60},{""weight"":""1 kg"",""price"":80,""stock"":80},{""weight"":""2 kg (Bulk Saver)"",""price"":152,""stock"":40},{""weight"":""5 kg (Society Sack)"",""price"":368,""stock"":25}]"
"Long Beans (Barbati)","Vegetables",30,38,"1 kg",100,"https://cdn2.clevup.in/252374/SKU-0344_0-1710060220891.jpg?format=webp","E - VEGETABLE BAZAAR presents our fresh Long Beans, the slender and crisp delights that are a staple in kitchens across the globe. Known for their length and vibrant green hue, these beans are tender yet firm, offering a satisfying snap with each bite. Their subtle, grassy flavor makes them incredib","Direct Bhopal Contract Farms & Karond Krishi Mandi (MyGreenDelight Certified Harvest)","Store in cool dry place or refrigerate dairy items below 4°C","[{""weight"":""500g Pack"",""price"":25,""stock"":50},{""weight"":""1 kg Pack"",""price"":30,""stock"":60},{""weight"":""2 kg Value Pack"",""price"":57,""stock"":40}]"
"Potato / Aloo","Vegetables",28,36,"1 kg",100,"https://cdn2.clevup.in/252374/1690728672535_SKU-0291_0.jpg?format=webp","Potato is a starchy and versatile vegetable that belongs to the Solanaceae family. It is one of the most widely consumed and cultivated vegetables worldwide. Potatoes are believed to have originated in the Andes region of South America and have since become a staple food in many cuisines across the","Direct Bhopal Contract Farms & Karond Krishi Mandi (MyGreenDelight Certified Harvest)","Store in cool dry place or refrigerate dairy items below 4°C","[{""weight"":""500g Pack"",""price"":25,""stock"":50},{""weight"":""1 kg Pack"",""price"":28,""stock"":60},{""weight"":""2 kg Value Pack"",""price"":53,""stock"":40}]"
"Red Potato (Lal Aloo)","Vegetables",28,36,"1 kg",100,"https://cdn2.clevup.in/252374/SKU-0361_0-1722920072389.jpg?format=webp","Discover the Versatile Red Potato (लाल आलू) - Fresh from Eve Vegetable Bazaar!Bring the goodness of nature to your kitchen with our premium Red Potato (लाल आलू), handpicked to ensure the highest quality for your cooking needs. Known for its vibrant red skin and creamy texture, this versatile ingredi","Direct Bhopal Contract Farms & Karond Krishi Mandi (MyGreenDelight Certified Harvest)","Keep refrigerated in vegetable crisper / airtight mesh bag","[{""weight"":""250g"",""price"":10,""stock"":50},{""weight"":""500g"",""price"":15,""stock"":60},{""weight"":""1 kg"",""price"":28,""stock"":80},{""weight"":""2 kg (Bulk Saver)"",""price"":53,""stock"":40},{""weight"":""5 kg (Society Sack)"",""price"":129,""stock"":25}]"
"Ridge Gourd / Torai","Vegetables",30,38,"1 kg",100,"https://cdn2.clevup.in/275981/1670066746958_SKU-0045_0.jpg?format=webp","Product Descriptions The images on this website/App are meant to be samples only and are not intended to provide a perfect match to the actual product or color. The images may differ from the actual product due to reproduction limitations of the photograph. Therefore, Freshgo is not be held res","Direct Bhopal Contract Farms & Karond Krishi Mandi (MyGreenDelight Certified Harvest)","Keep refrigerated in vegetable crisper / airtight mesh bag","[{""weight"":""250g"",""price"":10,""stock"":50},{""weight"":""500g"",""price"":17,""stock"":60},{""weight"":""1 kg"",""price"":30,""stock"":80},{""weight"":""2 kg (Bulk Saver)"",""price"":57,""stock"":40},{""weight"":""5 kg (Society Sack)"",""price"":138,""stock"":25}]"
"Spiny Gourd / Kakoda (Small)","Vegetables",50,64,"1 kg",100,"https://cdn2.clevup.in/252374/SKU-0388_0-1784867938831.jpg?format=webp","Fresh Spiny Gourd (काकोडा) Big - A Nutritious Delight for Your KitchenLooking to add a touch of health and flavor to your meals? The Spiny Gourd (काकोडा) Big, available exclusively at E-Vegetable Bazaar, is the perfect choice for health-conscious food lovers. Known for its unique texture and earthy","Direct Bhopal Contract Farms & Karond Krishi Mandi (MyGreenDelight Certified Harvest)","Keep refrigerated in vegetable crisper / airtight mesh bag","[{""weight"":""250g"",""price"":15,""stock"":50},{""weight"":""500g"",""price"":28,""stock"":60},{""weight"":""1 kg"",""price"":50,""stock"":80},{""weight"":""2 kg (Bulk Saver)"",""price"":95,""stock"":40},{""weight"":""5 kg (Society Sack)"",""price"":230,""stock"":25}]"
"Tamarind / Imli","Vegetables",40,51,"1 kg",100,"https://cdn2.clevup.in/252374/SKU-0623_0-1773209525255.png?format=webp","Tamarind / Imli - A Burst of Tangy Goodness from E VEGETABLE BAZAARExplore the rich, tangy flavor of Tamarind / Imli, a kitchen essential brought to you by E VEGETABLE BAZAAR. Perfectly versatile and packed with natural nutrients, tamarind elevates your cooking with its unique sweet-and-sour profile","Direct Bhopal Contract Farms & Karond Krishi Mandi (MyGreenDelight Certified Harvest)","Keep refrigerated in vegetable crisper / airtight mesh bag","[{""weight"":""250g"",""price"":12,""stock"":50},{""weight"":""500g"",""price"":22,""stock"":60},{""weight"":""1 kg"",""price"":40,""stock"":80},{""weight"":""2 kg (Bulk Saver)"",""price"":76,""stock"":40},{""weight"":""5 kg (Society Sack)"",""price"":184,""stock"":25}]"